-- MySQL dump 10.13  Distrib 8.4.3, for Win64 (x86_64)
--
-- Host: localhost    Database: laravel
-- ------------------------------------------------------
-- Server version	8.4.3

/*!40101 SET @OLD_CHARACTER_SET_CLIENT=@@CHARACTER_SET_CLIENT */;
/*!40101 SET @OLD_CHARACTER_SET_RESULTS=@@CHARACTER_SET_RESULTS */;
/*!40101 SET @OLD_COLLATION_CONNECTION=@@COLLATION_CONNECTION */;
/*!50503 SET NAMES utf8mb4 */;
/*!40103 SET @OLD_TIME_ZONE=@@TIME_ZONE */;
/*!40103 SET TIME_ZONE='+00:00' */;
/*!40014 SET @OLD_UNIQUE_CHECKS=@@UNIQUE_CHECKS, UNIQUE_CHECKS=0 */;
/*!40014 SET @OLD_FOREIGN_KEY_CHECKS=@@FOREIGN_KEY_CHECKS, FOREIGN_KEY_CHECKS=0 */;
/*!40101 SET @OLD_SQL_MODE=@@SQL_MODE, SQL_MODE='NO_AUTO_VALUE_ON_ZERO' */;
/*!40111 SET @OLD_SQL_NOTES=@@SQL_NOTES, SQL_NOTES=0 */;

--
-- Table structure for table `admin_uploads`
--

DROP TABLE IF EXISTS `admin_uploads`;
/*!40101 SET @saved_cs_client     = @@character_set_client */;
/*!50503 SET character_set_client = utf8mb4 */;
CREATE TABLE `admin_uploads` (
  `id` bigint unsigned NOT NULL AUTO_INCREMENT,
  `name` varchar(255) COLLATE utf8mb4_unicode_ci NOT NULL,
  `created_at` timestamp NULL DEFAULT NULL,
  `updated_at` timestamp NULL DEFAULT NULL,
  PRIMARY KEY (`id`)
) ENGINE=InnoDB DEFAULT CHARSET=utf8mb4 COLLATE=utf8mb4_unicode_ci;
/*!40101 SET character_set_client = @saved_cs_client */;

--
-- Dumping data for table `admin_uploads`
--

LOCK TABLES `admin_uploads` WRITE;
/*!40000 ALTER TABLE `admin_uploads` DISABLE KEYS */;
/*!40000 ALTER TABLE `admin_uploads` ENABLE KEYS */;
UNLOCK TABLES;

--
-- Table structure for table `announcements`
--

DROP TABLE IF EXISTS `announcements`;
/*!40101 SET @saved_cs_client     = @@character_set_client */;
/*!50503 SET character_set_client = utf8mb4 */;
CREATE TABLE `announcements` (
  `id` bigint unsigned NOT NULL AUTO_INCREMENT,
  `title` varchar(255) COLLATE utf8mb4_unicode_ci NOT NULL,
  `content` text COLLATE utf8mb4_unicode_ci NOT NULL,
  `role` enum('ppk','pps','kpps') COLLATE utf8mb4_unicode_ci NOT NULL,
  `created_at` timestamp NULL DEFAULT NULL,
  `updated_at` timestamp NULL DEFAULT NULL,
  PRIMARY KEY (`id`)
) ENGINE=InnoDB DEFAULT CHARSET=utf8mb4 COLLATE=utf8mb4_unicode_ci;
/*!40101 SET character_set_client = @saved_cs_client */;

--
-- Dumping data for table `announcements`
--

LOCK TABLES `announcements` WRITE;
/*!40000 ALTER TABLE `announcements` DISABLE KEYS */;
/*!40000 ALTER TABLE `announcements` ENABLE KEYS */;
UNLOCK TABLES;

--
-- Table structure for table `cache`
--

DROP TABLE IF EXISTS `cache`;
/*!40101 SET @saved_cs_client     = @@character_set_client */;
/*!50503 SET character_set_client = utf8mb4 */;
CREATE TABLE `cache` (
  `key` varchar(255) COLLATE utf8mb4_unicode_ci NOT NULL,
  `value` mediumtext COLLATE utf8mb4_unicode_ci NOT NULL,
  `expiration` int NOT NULL,
  PRIMARY KEY (`key`)
) ENGINE=InnoDB DEFAULT CHARSET=utf8mb4 COLLATE=utf8mb4_unicode_ci;
/*!40101 SET character_set_client = @saved_cs_client */;

--
-- Dumping data for table `cache`
--

LOCK TABLES `cache` WRITE;
/*!40000 ALTER TABLE `cache` DISABLE KEYS */;
/*!40000 ALTER TABLE `cache` ENABLE KEYS */;
UNLOCK TABLES;

--
-- Table structure for table `cache_locks`
--

DROP TABLE IF EXISTS `cache_locks`;
/*!40101 SET @saved_cs_client     = @@character_set_client */;
/*!50503 SET character_set_client = utf8mb4 */;
CREATE TABLE `cache_locks` (
  `key` varchar(255) COLLATE utf8mb4_unicode_ci NOT NULL,
  `owner` varchar(255) COLLATE utf8mb4_unicode_ci NOT NULL,
  `expiration` int NOT NULL,
  PRIMARY KEY (`key`)
) ENGINE=InnoDB DEFAULT CHARSET=utf8mb4 COLLATE=utf8mb4_unicode_ci;
/*!40101 SET character_set_client = @saved_cs_client */;

--
-- Dumping data for table `cache_locks`
--

LOCK TABLES `cache_locks` WRITE;
/*!40000 ALTER TABLE `cache_locks` DISABLE KEYS */;
/*!40000 ALTER TABLE `cache_locks` ENABLE KEYS */;
UNLOCK TABLES;

--
-- Table structure for table `desa`
--

DROP TABLE IF EXISTS `desa`;
/*!40101 SET @saved_cs_client     = @@character_set_client */;
/*!50503 SET character_set_client = utf8mb4 */;
CREATE TABLE `desa` (
  `id` bigint unsigned NOT NULL AUTO_INCREMENT,
  `name` varchar(255) COLLATE utf8mb4_unicode_ci NOT NULL,
  `kecamatan_id` bigint unsigned NOT NULL,
  `created_at` timestamp NULL DEFAULT NULL,
  `updated_at` timestamp NULL DEFAULT NULL,
  PRIMARY KEY (`id`),
  KEY `desa_kecamatan_id_foreign` (`kecamatan_id`),
  CONSTRAINT `desa_kecamatan_id_foreign` FOREIGN KEY (`kecamatan_id`) REFERENCES `kecamatan` (`id`) ON DELETE CASCADE
) ENGINE=InnoDB AUTO_INCREMENT=218 DEFAULT CHARSET=utf8mb4 COLLATE=utf8mb4_unicode_ci;
/*!40101 SET character_set_client = @saved_cs_client */;

--
-- Dumping data for table `desa`
--

LOCK TABLES `desa` WRITE;
/*!40000 ALTER TABLE `desa` DISABLE KEYS */;
INSERT INTO `desa` VALUES (1,'Bangorejo',1,'2026-02-27 01:05:57','2026-02-27 01:05:57'),(2,'Kebondalem',1,'2026-02-27 01:05:58','2026-02-27 01:05:58'),(3,'Ringintelu',1,'2026-02-27 01:05:58','2026-02-27 01:05:58'),(4,'Sambimulyo',1,'2026-02-27 01:06:00','2026-02-27 01:06:00'),(5,'Sambirejo',1,'2026-02-27 01:06:01','2026-02-27 01:06:01'),(6,'Sukorejo',1,'2026-02-27 01:06:03','2026-02-27 01:06:03'),(7,'Temurejo',1,'2026-02-27 01:06:04','2026-02-27 01:06:04'),(8,'Kampung Mandar',2,'2026-02-27 01:06:08','2026-02-27 01:06:08'),(9,'Kampung Melayu',2,'2026-02-27 01:06:10','2026-02-27 01:06:10'),(10,'Karangrejo',2,'2026-02-27 01:06:11','2026-02-27 01:06:11'),(11,'Kebalenan',2,'2026-02-27 01:06:12','2026-02-27 01:06:12'),(12,'Kepatihan',2,'2026-02-27 01:06:14','2026-02-27 01:06:14'),(13,'Kertosari',2,'2026-02-27 01:06:15','2026-02-27 01:06:15'),(14,'Lateng',2,'2026-02-27 01:06:16','2026-02-27 01:06:16'),(15,'Pakis',2,'2026-02-27 01:06:16','2026-02-27 01:06:16'),(16,'Panderejo',2,'2026-02-27 01:06:17','2026-02-27 01:06:17'),(17,'Penganjuran',2,'2026-02-27 01:06:17','2026-02-27 01:06:17'),(18,'Pengantigan',2,'2026-02-27 01:06:18','2026-02-27 01:06:18'),(19,'Singonegaran',2,'2026-02-27 01:06:20','2026-02-27 01:06:20'),(20,'Singotrunan',2,'2026-02-27 01:06:21','2026-02-27 01:06:21'),(21,'Sobo',2,'2026-02-27 01:06:23','2026-02-27 01:06:23'),(22,'Sumber Rejo',2,'2026-02-27 01:06:24','2026-02-27 01:06:24'),(23,'Taman Baru',2,'2026-02-27 01:06:26','2026-02-27 01:06:26'),(24,'Temenggungan',2,'2026-02-27 01:06:27','2026-02-27 01:06:27'),(25,'Tukang Kayu',2,'2026-02-27 01:06:29','2026-02-27 01:06:29'),(26,'Badean',3,'2026-02-27 01:06:32','2026-02-27 01:06:32'),(27,'Blimbingsari',3,'2026-02-27 01:06:34','2026-02-27 01:06:34'),(28,'Bomo',3,'2026-02-27 01:06:35','2026-02-27 01:06:35'),(29,'Gintangan',3,'2026-02-27 01:06:35','2026-02-27 01:06:35'),(30,'Kaligung',3,'2026-02-27 01:06:36','2026-02-27 01:06:36'),(31,'Kaotan',3,'2026-02-27 01:06:37','2026-02-27 01:06:37'),(32,'Karangrejo',3,'2026-02-27 01:06:38','2026-02-27 01:06:38'),(33,'Patoman',3,'2026-02-27 01:06:39','2026-02-27 01:06:39'),(34,'Sukojati',3,'2026-02-27 01:06:40','2026-02-27 01:06:40'),(35,'Watukebo',3,'2026-02-27 01:06:41','2026-02-27 01:06:41'),(36,'Benculuk',4,'2026-02-27 01:06:43','2026-02-27 01:06:43'),(37,'Cluring',4,'2026-02-27 01:06:43','2026-02-27 01:06:43'),(38,'Kaliploso',4,'2026-02-27 01:06:44','2026-02-27 01:06:44'),(39,'Plampangrejo',4,'2026-02-27 01:06:45','2026-02-27 01:06:45'),(40,'Sarimulyo',4,'2026-02-27 01:06:45','2026-02-27 01:06:45'),(41,'Sembulung',4,'2026-02-27 01:06:46','2026-02-27 01:06:46'),(42,'Sraten',4,'2026-02-27 01:06:46','2026-02-27 01:06:46'),(43,'Tamanagung',4,'2026-02-27 01:06:47','2026-02-27 01:06:47'),(44,'Tampo',4,'2026-02-27 01:06:48','2026-02-27 01:06:48'),(45,'Gambiran',5,'2026-02-27 01:06:49','2026-02-27 01:06:49'),(46,'Jajag',5,'2026-02-27 01:06:50','2026-02-27 01:06:50'),(47,'Purwodadi',5,'2026-02-27 01:06:51','2026-02-27 01:06:51'),(48,'Wringinagung',5,'2026-02-27 01:06:52','2026-02-27 01:06:52'),(49,'Wringinrejo',5,'2026-02-27 01:06:53','2026-02-27 01:06:53'),(50,'Yosomulyo',5,'2026-02-27 01:06:54','2026-02-27 01:06:54'),(51,'Genteng Kulon',6,'2026-02-27 01:06:56','2026-02-27 01:06:56'),(52,'Genteng Wetan',6,'2026-02-27 01:06:57','2026-02-27 01:06:57'),(53,'Kaligondo',6,'2026-02-27 01:06:58','2026-02-27 01:06:58'),(54,'Kembiritan',6,'2026-02-27 01:06:59','2026-02-27 01:06:59'),(55,'Setail',6,'2026-02-27 01:07:00','2026-02-27 01:07:00'),(56,'Boyolangu',7,'2026-02-27 01:07:02','2026-02-27 01:07:02'),(57,'Giri',7,'2026-02-27 01:07:03','2026-02-27 01:07:03'),(58,'Grogol',7,'2026-02-27 01:07:04','2026-02-27 01:07:04'),(59,'Jambesari',7,'2026-02-27 01:07:05','2026-02-27 01:07:05'),(60,'Mojopanggung',7,'2026-02-27 01:07:06','2026-02-27 01:07:06'),(61,'Penataban',7,'2026-02-27 01:07:07','2026-02-27 01:07:07'),(62,'Bakungan',8,'2026-02-27 01:07:09','2026-02-27 01:07:09'),(63,'Banjarsari',8,'2026-02-27 01:07:10','2026-02-27 01:07:10'),(64,'Glagah',8,'2026-02-27 01:07:11','2026-02-27 01:07:11'),(65,'Kampunganyar',8,'2026-02-27 01:07:12','2026-02-27 01:07:12'),(66,'Kemiren',8,'2026-02-27 01:07:13','2026-02-27 01:07:13'),(67,'Kenjo',8,'2026-02-27 01:07:14','2026-02-27 01:07:14'),(68,'Olehsari',8,'2026-02-27 01:07:15','2026-02-27 01:07:15'),(69,'Paspan',8,'2026-02-27 01:07:16','2026-02-27 01:07:16'),(70,'Rejosari',8,'2026-02-27 01:07:17','2026-02-27 01:07:17'),(71,'Tamansuruh',8,'2026-02-27 01:07:18','2026-02-27 01:07:18'),(72,'Bumiharjo',9,'2026-02-27 01:07:20','2026-02-27 01:07:20'),(73,'Karangharjo',9,'2026-02-27 01:07:21','2026-02-27 01:07:21'),(74,'Margomulyo',9,'2026-02-27 01:07:22','2026-02-27 01:07:22'),(75,'Sepanjang',9,'2026-02-27 01:07:23','2026-02-27 01:07:23'),(76,'Sumbergondo',9,'2026-02-27 01:07:24','2026-02-27 01:07:24'),(77,'Tegalharjo',9,'2026-02-27 01:07:25','2026-02-27 01:07:25'),(78,'Tulungrejo',9,'2026-02-27 01:07:26','2026-02-27 01:07:26'),(79,'Bareng',10,'2026-02-27 01:07:28','2026-02-27 01:07:28'),(80,'Benelan Lor',10,'2026-02-27 01:07:29','2026-02-27 01:07:29'),(81,'Bunder',10,'2026-02-27 01:07:30','2026-02-27 01:07:30'),(82,'Dadapan',10,'2026-02-27 01:07:31','2026-02-27 01:07:31'),(83,'Gombolirang',10,'2026-02-27 01:07:32','2026-02-27 01:07:32'),(84,'Kabat',10,'2026-02-27 01:07:33','2026-02-27 01:07:33'),(85,'Kalirejo',10,'2026-02-27 01:07:34','2026-02-27 01:07:34'),(86,'Kedayunan',10,'2026-02-27 01:07:35','2026-02-27 01:07:35'),(87,'Labanasem',10,'2026-02-27 01:07:35','2026-02-27 01:07:35'),(88,'Macan Putih',10,'2026-02-27 01:07:36','2026-02-27 01:07:36'),(89,'Pakistaji',10,'2026-02-27 01:07:37','2026-02-27 01:07:37'),(90,'Pendarungan',10,'2026-02-27 01:07:38','2026-02-27 01:07:38'),(91,'Pondoknongko',10,'2026-02-27 01:07:39','2026-02-27 01:07:39'),(92,'Tambong',10,'2026-02-27 01:07:40','2026-02-27 01:07:40'),(93,'Banyuanyar',11,'2026-02-27 01:07:42','2026-02-27 01:07:42'),(94,'Kajarharjo',11,'2026-02-27 01:07:43','2026-02-27 01:07:43'),(95,'Kalibarukulon',11,'2026-02-27 01:07:44','2026-02-27 01:07:44'),(96,'Kalibarumanis',11,'2026-02-27 01:07:45','2026-02-27 01:07:45'),(97,'Kalibaruwetan',11,'2026-02-27 01:07:46','2026-02-27 01:07:46'),(98,'Kebonrejo',11,'2026-02-27 01:07:47','2026-02-27 01:07:47'),(99,'Bulusan',12,'2026-02-27 01:07:49','2026-02-27 01:07:49'),(100,'Bulusari',12,'2026-02-27 01:07:50','2026-02-27 01:07:50'),(101,'Gombengsari',12,'2026-02-27 01:07:51','2026-02-27 01:07:51'),(102,'Kalipuro',12,'2026-02-27 01:07:52','2026-02-27 01:07:52'),(103,'Kelir',12,'2026-02-27 01:07:53','2026-02-27 01:07:53'),(104,'Ketapang',12,'2026-02-27 01:07:54','2026-02-27 01:07:54'),(105,'Klatak',12,'2026-02-27 01:07:55','2026-02-27 01:07:55'),(106,'Pesucen',12,'2026-02-27 01:07:55','2026-02-27 01:07:55'),(107,'Telemung',12,'2026-02-27 01:07:56','2026-02-27 01:07:56'),(108,'Banjar',13,'2026-02-27 01:07:59','2026-02-27 01:07:59'),(109,'Gumuk',13,'2026-02-27 01:08:00','2026-02-27 01:08:00'),(110,'Jelun',13,'2026-02-27 01:08:01','2026-02-27 01:08:01'),(111,'Kluncing',13,'2026-02-27 01:08:02','2026-02-27 01:08:02'),(112,'Licin',13,'2026-02-27 01:08:02','2026-02-27 01:08:02'),(113,'Pakel',13,'2026-02-27 01:08:03','2026-02-27 01:08:03'),(114,'Segobang',13,'2026-02-27 01:08:04','2026-02-27 01:08:04'),(115,'Tamansari',13,'2026-02-27 01:08:05','2026-02-27 01:08:05'),(116,'Blambangan',14,'2026-02-27 01:08:08','2026-02-27 01:08:08'),(117,'Kedungrejo',14,'2026-02-27 01:08:09','2026-02-27 01:08:09'),(118,'Kedungringin',14,'2026-02-27 01:08:10','2026-02-27 01:08:10'),(119,'Kumendung',14,'2026-02-27 01:08:11','2026-02-27 01:08:11'),(120,'Sumber Beras',14,'2026-02-27 01:08:11','2026-02-27 01:08:11'),(121,'Sumbersewu',14,'2026-02-27 01:08:12','2026-02-27 01:08:12'),(122,'Tambakrejo',14,'2026-02-27 01:08:13','2026-02-27 01:08:13'),(123,'Tapanrejo',14,'2026-02-27 01:08:14','2026-02-27 01:08:14'),(124,'Tembokrejo',14,'2026-02-27 01:08:15','2026-02-27 01:08:15'),(125,'Wringinputih',14,'2026-02-27 01:08:16','2026-02-27 01:08:16'),(126,'Kandangan',15,'2026-02-27 01:08:18','2026-02-27 01:08:18'),(127,'Pesanggaran',15,'2026-02-27 01:08:20','2026-02-27 01:08:20'),(128,'Sarongan',15,'2026-02-27 01:08:21','2026-02-27 01:08:21'),(129,'Sumberagung',15,'2026-02-27 01:08:22','2026-02-27 01:08:22'),(130,'Sumbermulyo',15,'2026-02-27 01:08:23','2026-02-27 01:08:23'),(131,'Bulurejo',16,'2026-02-27 01:08:25','2026-02-27 01:08:25'),(132,'Glagahagung',16,'2026-02-27 01:08:26','2026-02-27 01:08:26'),(133,'Grajagan',16,'2026-02-27 01:08:27','2026-02-27 01:08:27'),(134,'Karetan',16,'2026-02-27 01:08:28','2026-02-27 01:08:28'),(135,'Kradenan',16,'2026-02-27 01:08:29','2026-02-27 01:08:29'),(136,'Purwoharjo',16,'2026-02-27 01:08:30','2026-02-27 01:08:30'),(137,'Sidorejo',16,'2026-02-27 01:08:31','2026-02-27 01:08:31'),(138,'Sumberasri',16,'2026-02-27 01:08:32','2026-02-27 01:08:32'),(139,'Aliyan',17,'2026-02-27 01:08:35','2026-02-27 01:08:35'),(140,'Bubuk',17,'2026-02-27 01:08:36','2026-02-27 01:08:36'),(141,'Gitik',17,'2026-02-27 01:08:37','2026-02-27 01:08:37'),(142,'Gladag',17,'2026-02-27 01:08:38','2026-02-27 01:08:38'),(143,'Karangbendo',17,'2026-02-27 01:08:39','2026-02-27 01:08:39'),(144,'Kedaleman',17,'2026-02-27 01:08:40','2026-02-27 01:08:40'),(145,'Lemahbangdewo',17,'2026-02-27 01:08:41','2026-02-27 01:08:41'),(146,'Mangir',17,'2026-02-27 01:08:42','2026-02-27 01:08:42'),(147,'Pengatigan',17,'2026-02-27 01:08:43','2026-02-27 01:08:43'),(148,'Rogojampi',17,'2026-02-27 01:08:44','2026-02-27 01:08:44'),(149,'Gendoh',18,'2026-02-27 01:08:46','2026-02-27 01:08:46'),(150,'Jambewangi',18,'2026-02-27 01:08:47','2026-02-27 01:08:47'),(151,'Karangsari',18,'2026-02-27 01:08:48','2026-02-27 01:08:48'),(152,'Sempu',18,'2026-02-27 01:08:49','2026-02-27 01:08:49'),(153,'Tegalarum',18,'2026-02-27 01:08:50','2026-02-27 01:08:50'),(154,'Temuasri',18,'2026-02-27 01:08:51','2026-02-27 01:08:51'),(155,'Temuguruh',18,'2026-02-27 01:08:52','2026-02-27 01:08:52'),(156,'Barurejo',19,'2026-02-27 01:08:55','2026-02-27 01:08:55'),(157,'Buluagung',19,'2026-02-27 01:08:56','2026-02-27 01:08:56'),(158,'Kesilir',19,'2026-02-27 01:08:57','2026-02-27 01:08:57'),(159,'Seneporejo',19,'2026-02-27 01:08:58','2026-02-27 01:08:58'),(160,'Siliragung',19,'2026-02-27 01:08:59','2026-02-27 01:08:59'),(161,'Alasmalang',20,'2026-02-27 01:09:01','2026-02-27 01:09:01'),(162,'Benelan Kidul',20,'2026-02-27 01:09:02','2026-02-27 01:09:02'),(163,'Cantuk',20,'2026-02-27 01:09:03','2026-02-27 01:09:03'),(164,'Gambor',20,'2026-02-27 01:09:04','2026-02-27 01:09:04'),(165,'Gumirih',20,'2026-02-27 01:09:05','2026-02-27 01:09:05'),(166,'Kemiri',20,'2026-02-27 01:09:06','2026-02-27 01:09:06'),(167,'Lemahbangkulon',20,'2026-02-27 01:09:07','2026-02-27 01:09:07'),(168,'Padang',20,'2026-02-27 01:09:08','2026-02-27 01:09:08'),(169,'Singojuruh',20,'2026-02-27 01:09:09','2026-02-27 01:09:09'),(170,'Singolatren',20,'2026-02-27 01:09:10','2026-02-27 01:09:10'),(171,'Sumberbaru',20,'2026-02-27 01:09:11','2026-02-27 01:09:11'),(172,'Balak',21,'2026-02-27 01:09:14','2026-02-27 01:09:14'),(173,'Bangunsari',21,'2026-02-27 01:09:15','2026-02-27 01:09:15'),(174,'Bayu',21,'2026-02-27 01:09:16','2026-02-27 01:09:16'),(175,'Bedewang',21,'2026-02-27 01:09:17','2026-02-27 01:09:17'),(176,'Parangharjo',21,'2026-02-27 01:09:18','2026-02-27 01:09:18'),(177,'Songgon',21,'2026-02-27 01:09:19','2026-02-27 01:09:19'),(178,'Sragi',21,'2026-02-27 01:09:20','2026-02-27 01:09:20'),(179,'Sumberarum',21,'2026-02-27 01:09:21','2026-02-27 01:09:21'),(180,'Sumberbulu',21,'2026-02-27 01:09:22','2026-02-27 01:09:22'),(181,'Bagorejo',22,'2026-02-27 01:09:24','2026-02-27 01:09:24'),(182,'Kebaman',22,'2026-02-27 01:09:25','2026-02-27 01:09:25'),(183,'Kepundungan',22,'2026-02-27 01:09:26','2026-02-27 01:09:26'),(184,'Parijatah Kulon',22,'2026-02-27 01:09:27','2026-02-27 01:09:27'),(185,'Parijatah Wetan',22,'2026-02-27 01:09:28','2026-02-27 01:09:28'),(186,'Rejoagung',22,'2026-02-27 01:09:29','2026-02-27 01:09:29'),(187,'Sukomaju',22,'2026-02-27 01:09:30','2026-02-27 01:09:30'),(188,'Sukonatar',22,'2026-02-27 01:09:30','2026-02-27 01:09:30'),(189,'Sumbersari',22,'2026-02-27 01:09:31','2026-02-27 01:09:31'),(190,'Wonosobo',22,'2026-02-27 01:09:32','2026-02-27 01:09:32'),(191,'Kalipait',23,'2026-02-27 01:09:35','2026-02-27 01:09:35'),(192,'Kedungasri',23,'2026-02-27 01:09:35','2026-02-27 01:09:35'),(193,'Kedunggebang',23,'2026-02-27 01:09:36','2026-02-27 01:09:36'),(194,'Kedungwungu',23,'2026-02-27 01:09:37','2026-02-27 01:09:37'),(195,'Kendalrejo',23,'2026-02-27 01:09:38','2026-02-27 01:09:38'),(196,'Purwoagung',23,'2026-02-27 01:09:39','2026-02-27 01:09:39'),(197,'Purwoasri',23,'2026-02-27 01:09:40','2026-02-27 01:09:40'),(198,'Tegaldlimo',23,'2026-02-27 01:09:41','2026-02-27 01:09:41'),(199,'Wringinpitu',23,'2026-02-27 01:09:42','2026-02-27 01:09:42'),(200,'Dasri',24,'2026-02-27 01:09:45','2026-02-27 01:09:45'),(201,'Karangdoro',24,'2026-02-27 01:09:46','2026-02-27 01:09:46'),(202,'Karangmulyo',24,'2026-02-27 01:09:47','2026-02-27 01:09:47'),(203,'Tamansari',24,'2026-02-27 01:09:47','2026-02-27 01:09:47'),(204,'Tegalrejo',24,'2026-02-27 01:09:48','2026-02-27 01:09:48'),(205,'Tegalsari',24,'2026-02-27 01:09:49','2026-02-27 01:09:49'),(206,'Alasbuluh',25,'2026-02-27 01:09:51','2026-02-27 01:09:51'),(207,'Alasrejo',25,'2026-02-27 01:09:52','2026-02-27 01:09:52'),(208,'Bajulmati',25,'2026-02-27 01:09:53','2026-02-27 01:09:53'),(209,'Bangsring',25,'2026-02-27 01:09:54','2026-02-27 01:09:54'),(210,'Bengkak',25,'2026-02-27 01:09:55','2026-02-27 01:09:55'),(211,'Bimorejo',25,'2026-02-27 01:09:56','2026-02-27 01:09:56'),(212,'Sidodadi',25,'2026-02-27 01:09:57','2026-02-27 01:09:57'),(213,'Sidowangi',25,'2026-02-27 01:09:58','2026-02-27 01:09:58'),(214,'Sumberanyar',25,'2026-02-27 01:09:59','2026-02-27 01:09:59'),(215,'Sumberkencono',25,'2026-02-27 01:10:00','2026-02-27 01:10:00'),(216,'Watukebo',25,'2026-02-27 01:10:01','2026-02-27 01:10:01'),(217,'Wongsorejo',25,'2026-02-27 01:10:01','2026-02-27 01:10:01');
/*!40000 ALTER TABLE `desa` ENABLE KEYS */;
UNLOCK TABLES;

--
-- Table structure for table `documents`
--

DROP TABLE IF EXISTS `documents`;
/*!40101 SET @saved_cs_client     = @@character_set_client */;
/*!50503 SET character_set_client = utf8mb4 */;
CREATE TABLE `documents` (
  `id` bigint unsigned NOT NULL AUTO_INCREMENT,
  `doc_type` varchar(255) COLLATE utf8mb4_unicode_ci NOT NULL,
  `path` varchar(255) COLLATE utf8mb4_unicode_ci NOT NULL,
  `documentable_type` varchar(255) COLLATE utf8mb4_unicode_ci DEFAULT NULL,
  `documentable_id` bigint unsigned DEFAULT NULL,
  `uploaded_by` bigint unsigned DEFAULT NULL,
  `created_at` timestamp NULL DEFAULT NULL,
  `updated_at` timestamp NULL DEFAULT NULL,
  PRIMARY KEY (`id`),
  KEY `documents_documentable_type_documentable_id_index` (`documentable_type`,`documentable_id`),
  KEY `documents_uploaded_by_foreign` (`uploaded_by`),
  CONSTRAINT `documents_uploaded_by_foreign` FOREIGN KEY (`uploaded_by`) REFERENCES `users` (`id`) ON DELETE SET NULL
) ENGINE=InnoDB DEFAULT CHARSET=utf8mb4 COLLATE=utf8mb4_unicode_ci;
/*!40101 SET character_set_client = @saved_cs_client */;

--
-- Dumping data for table `documents`
--

LOCK TABLES `documents` WRITE;
/*!40000 ALTER TABLE `documents` DISABLE KEYS */;
/*!40000 ALTER TABLE `documents` ENABLE KEYS */;
UNLOCK TABLES;

--
-- Table structure for table `failed_jobs`
--

DROP TABLE IF EXISTS `failed_jobs`;
/*!40101 SET @saved_cs_client     = @@character_set_client */;
/*!50503 SET character_set_client = utf8mb4 */;
CREATE TABLE `failed_jobs` (
  `id` bigint unsigned NOT NULL AUTO_INCREMENT,
  `uuid` varchar(255) COLLATE utf8mb4_unicode_ci NOT NULL,
  `connection` text COLLATE utf8mb4_unicode_ci NOT NULL,
  `queue` text COLLATE utf8mb4_unicode_ci NOT NULL,
  `payload` longtext COLLATE utf8mb4_unicode_ci NOT NULL,
  `exception` longtext COLLATE utf8mb4_unicode_ci NOT NULL,
  `failed_at` timestamp NOT NULL DEFAULT CURRENT_TIMESTAMP,
  PRIMARY KEY (`id`),
  UNIQUE KEY `failed_jobs_uuid_unique` (`uuid`)
) ENGINE=InnoDB DEFAULT CHARSET=utf8mb4 COLLATE=utf8mb4_unicode_ci;
/*!40101 SET character_set_client = @saved_cs_client */;

--
-- Dumping data for table `failed_jobs`
--

LOCK TABLES `failed_jobs` WRITE;
/*!40000 ALTER TABLE `failed_jobs` DISABLE KEYS */;
/*!40000 ALTER TABLE `failed_jobs` ENABLE KEYS */;
UNLOCK TABLES;

--
-- Table structure for table `job_batches`
--

DROP TABLE IF EXISTS `job_batches`;
/*!40101 SET @saved_cs_client     = @@character_set_client */;
/*!50503 SET character_set_client = utf8mb4 */;
CREATE TABLE `job_batches` (
  `id` varchar(255) COLLATE utf8mb4_unicode_ci NOT NULL,
  `name` varchar(255) COLLATE utf8mb4_unicode_ci NOT NULL,
  `total_jobs` int NOT NULL,
  `pending_jobs` int NOT NULL,
  `failed_jobs` int NOT NULL,
  `failed_job_ids` longtext COLLATE utf8mb4_unicode_ci NOT NULL,
  `options` mediumtext COLLATE utf8mb4_unicode_ci,
  `cancelled_at` int DEFAULT NULL,
  `created_at` int NOT NULL,
  `finished_at` int DEFAULT NULL,
  PRIMARY KEY (`id`)
) ENGINE=InnoDB DEFAULT CHARSET=utf8mb4 COLLATE=utf8mb4_unicode_ci;
/*!40101 SET character_set_client = @saved_cs_client */;

--
-- Dumping data for table `job_batches`
--

LOCK TABLES `job_batches` WRITE;
/*!40000 ALTER TABLE `job_batches` DISABLE KEYS */;
/*!40000 ALTER TABLE `job_batches` ENABLE KEYS */;
UNLOCK TABLES;

--
-- Table structure for table `jobs`
--

DROP TABLE IF EXISTS `jobs`;
/*!40101 SET @saved_cs_client     = @@character_set_client */;
/*!50503 SET character_set_client = utf8mb4 */;
CREATE TABLE `jobs` (
  `id` bigint unsigned NOT NULL AUTO_INCREMENT,
  `queue` varchar(255) COLLATE utf8mb4_unicode_ci NOT NULL,
  `payload` longtext COLLATE utf8mb4_unicode_ci NOT NULL,
  `attempts` tinyint unsigned NOT NULL,
  `reserved_at` int unsigned DEFAULT NULL,
  `available_at` int unsigned NOT NULL,
  `created_at` int unsigned NOT NULL,
  PRIMARY KEY (`id`),
  KEY `jobs_queue_index` (`queue`)
) ENGINE=InnoDB DEFAULT CHARSET=utf8mb4 COLLATE=utf8mb4_unicode_ci;
/*!40101 SET character_set_client = @saved_cs_client */;

--
-- Dumping data for table `jobs`
--

LOCK TABLES `jobs` WRITE;
/*!40000 ALTER TABLE `jobs` DISABLE KEYS */;
/*!40000 ALTER TABLE `jobs` ENABLE KEYS */;
UNLOCK TABLES;

--
-- Table structure for table `kecamatan`
--

DROP TABLE IF EXISTS `kecamatan`;
/*!40101 SET @saved_cs_client     = @@character_set_client */;
/*!50503 SET character_set_client = utf8mb4 */;
CREATE TABLE `kecamatan` (
  `id` bigint unsigned NOT NULL AUTO_INCREMENT,
  `name` varchar(255) COLLATE utf8mb4_unicode_ci NOT NULL,
  `created_at` timestamp NULL DEFAULT NULL,
  `updated_at` timestamp NULL DEFAULT NULL,
  PRIMARY KEY (`id`)
) ENGINE=InnoDB AUTO_INCREMENT=26 DEFAULT CHARSET=utf8mb4 COLLATE=utf8mb4_unicode_ci;
/*!40101 SET character_set_client = @saved_cs_client */;

--
-- Dumping data for table `kecamatan`
--

LOCK TABLES `kecamatan` WRITE;
/*!40000 ALTER TABLE `kecamatan` DISABLE KEYS */;
INSERT INTO `kecamatan` VALUES (1,'Bangorejo','2026-02-27 01:05:56','2026-02-27 01:05:56'),(2,'Banyuwangi','2026-02-27 01:06:06','2026-02-27 01:06:06'),(3,'Blimbingsari','2026-02-27 01:06:30','2026-02-27 01:06:30'),(4,'Cluring','2026-02-27 01:06:42','2026-02-27 01:06:42'),(5,'Gambiran','2026-02-27 01:06:48','2026-02-27 01:06:48'),(6,'Genteng','2026-02-27 01:06:55','2026-02-27 01:06:55'),(7,'Giri','2026-02-27 01:07:01','2026-02-27 01:07:01'),(8,'Glagah','2026-02-27 01:07:08','2026-02-27 01:07:08'),(9,'Glenmore','2026-02-27 01:07:19','2026-02-27 01:07:19'),(10,'Kabat','2026-02-27 01:07:27','2026-02-27 01:07:27'),(11,'Kalibaru','2026-02-27 01:07:41','2026-02-27 01:07:41'),(12,'Kalipuro','2026-02-27 01:07:48','2026-02-27 01:07:48'),(13,'Licin','2026-02-27 01:07:57','2026-02-27 01:07:57'),(14,'Muncar','2026-02-27 01:08:06','2026-02-27 01:08:06'),(15,'Pesanggaran','2026-02-27 01:08:17','2026-02-27 01:08:17'),(16,'Purwoharjo','2026-02-27 01:08:23','2026-02-27 01:08:23'),(17,'Rogojampi','2026-02-27 01:08:33','2026-02-27 01:08:33'),(18,'Sempu','2026-02-27 01:08:45','2026-02-27 01:08:45'),(19,'Siliragung','2026-02-27 01:08:53','2026-02-27 01:08:53'),(20,'Singojuruh','2026-02-27 01:09:00','2026-02-27 01:09:00'),(21,'Songgon','2026-02-27 01:09:12','2026-02-27 01:09:12'),(22,'Srono','2026-02-27 01:09:23','2026-02-27 01:09:23'),(23,'Tegaldlimo','2026-02-27 01:09:33','2026-02-27 01:09:33'),(24,'Tegalsari','2026-02-27 01:09:43','2026-02-27 01:09:43'),(25,'Wongsorejo','2026-02-27 01:09:50','2026-02-27 01:09:50');
/*!40000 ALTER TABLE `kecamatan` ENABLE KEYS */;
UNLOCK TABLES;

--
-- Table structure for table `kpps_member`
--

DROP TABLE IF EXISTS `kpps_member`;
/*!40101 SET @saved_cs_client     = @@character_set_client */;
/*!50503 SET character_set_client = utf8mb4 */;
CREATE TABLE `kpps_member` (
  `id` bigint unsigned NOT NULL AUTO_INCREMENT,
  `name` varchar(255) COLLATE utf8mb4_unicode_ci NOT NULL,
  `job_title` varchar(255) COLLATE utf8mb4_unicode_ci DEFAULT NULL,
  `tps_id` bigint unsigned NOT NULL,
  `created_at` timestamp NULL DEFAULT NULL,
  `updated_at` timestamp NULL DEFAULT NULL,
  PRIMARY KEY (`id`),
  KEY `kpps_member_tps_id_foreign` (`tps_id`),
  CONSTRAINT `kpps_member_tps_id_foreign` FOREIGN KEY (`tps_id`) REFERENCES `tps` (`id`) ON DELETE CASCADE
) ENGINE=InnoDB DEFAULT CHARSET=utf8mb4 COLLATE=utf8mb4_unicode_ci;
/*!40101 SET character_set_client = @saved_cs_client */;

--
-- Dumping data for table `kpps_member`
--

LOCK TABLES `kpps_member` WRITE;
/*!40000 ALTER TABLE `kpps_member` DISABLE KEYS */;
/*!40000 ALTER TABLE `kpps_member` ENABLE KEYS */;
UNLOCK TABLES;

--
-- Table structure for table `migrations`
--

DROP TABLE IF EXISTS `migrations`;
/*!40101 SET @saved_cs_client     = @@character_set_client */;
/*!50503 SET character_set_client = utf8mb4 */;
CREATE TABLE `migrations` (
  `id` int unsigned NOT NULL AUTO_INCREMENT,
  `migration` varchar(255) COLLATE utf8mb4_unicode_ci NOT NULL,
  `batch` int NOT NULL,
  PRIMARY KEY (`id`)
) ENGINE=InnoDB AUTO_INCREMENT=15 DEFAULT CHARSET=utf8mb4 COLLATE=utf8mb4_unicode_ci;
/*!40101 SET character_set_client = @saved_cs_client */;

--
-- Dumping data for table `migrations`
--

LOCK TABLES `migrations` WRITE;
/*!40000 ALTER TABLE `migrations` DISABLE KEYS */;
INSERT INTO `migrations` VALUES (1,'0001_01_01_000000_create_users_table',1),(2,'0001_01_01_000001_create_cache_table',1),(3,'0001_01_01_000002_create_jobs_table',1),(4,'2025_10_01_220206_create_roles_table',1),(5,'2025_10_01_220746_add_role_and_userable_to_users_table',1),(6,'2025_10_01_221052_create_kecamatan_table',1),(7,'2025_10_01_221140_create_desa_table',1),(8,'2025_10_01_221241_create_tps_table',1),(9,'2025_10_01_221546_create_ppk_member_table',1),(10,'2025_10_01_221805_create_pps_member_table',1),(11,'2025_10_01_221855_create_kpps_member_table',1),(12,'2025_10_01_222042_create_documents_table',1),(13,'2025_11_01_102009_create_announcements_table',1),(14,'2025_11_01_131748_create_admin_uploads_table',1);
/*!40000 ALTER TABLE `migrations` ENABLE KEYS */;
UNLOCK TABLES;

--
-- Table structure for table `password_reset_tokens`
--

DROP TABLE IF EXISTS `password_reset_tokens`;
/*!40101 SET @saved_cs_client     = @@character_set_client */;
/*!50503 SET character_set_client = utf8mb4 */;
CREATE TABLE `password_reset_tokens` (
  `username` varchar(255) COLLATE utf8mb4_unicode_ci NOT NULL,
  `token` varchar(255) COLLATE utf8mb4_unicode_ci NOT NULL,
  `created_at` timestamp NULL DEFAULT NULL,
  PRIMARY KEY (`username`)
) ENGINE=InnoDB DEFAULT CHARSET=utf8mb4 COLLATE=utf8mb4_unicode_ci;
/*!40101 SET character_set_client = @saved_cs_client */;

--
-- Dumping data for table `password_reset_tokens`
--

LOCK TABLES `password_reset_tokens` WRITE;
/*!40000 ALTER TABLE `password_reset_tokens` DISABLE KEYS */;
/*!40000 ALTER TABLE `password_reset_tokens` ENABLE KEYS */;
UNLOCK TABLES;

--
-- Table structure for table `ppk_member`
--

DROP TABLE IF EXISTS `ppk_member`;
/*!40101 SET @saved_cs_client     = @@character_set_client */;
/*!50503 SET character_set_client = utf8mb4 */;
CREATE TABLE `ppk_member` (
  `id` bigint unsigned NOT NULL AUTO_INCREMENT,
  `name` varchar(255) COLLATE utf8mb4_unicode_ci NOT NULL,
  `job_title` varchar(255) COLLATE utf8mb4_unicode_ci DEFAULT NULL,
  `kecamatan_id` bigint unsigned NOT NULL,
  `created_at` timestamp NULL DEFAULT NULL,
  `updated_at` timestamp NULL DEFAULT NULL,
  PRIMARY KEY (`id`),
  KEY `ppk_member_kecamatan_id_foreign` (`kecamatan_id`),
  CONSTRAINT `ppk_member_kecamatan_id_foreign` FOREIGN KEY (`kecamatan_id`) REFERENCES `kecamatan` (`id`) ON DELETE CASCADE
) ENGINE=InnoDB AUTO_INCREMENT=126 DEFAULT CHARSET=utf8mb4 COLLATE=utf8mb4_unicode_ci;
/*!40101 SET character_set_client = @saved_cs_client */;

--
-- Dumping data for table `ppk_member`
--

LOCK TABLES `ppk_member` WRITE;
/*!40000 ALTER TABLE `ppk_member` DISABLE KEYS */;
INSERT INTO `ppk_member` VALUES (1,'PPK1','PPK 2',1,'2026-02-27 01:05:56','2026-02-27 05:52:37'),(2,'PPK Bangorejo 2','PPK 2',1,'2026-02-27 01:05:56','2026-02-27 01:05:56'),(3,'PPK Bangorejo 3','PPK 3',1,'2026-02-27 01:05:57','2026-02-27 01:05:57'),(4,'PPK Bangorejo 4','PPK 4',1,'2026-02-27 01:05:57','2026-02-27 01:05:57'),(5,'PPK Bangorejo 5','PPK 5',1,'2026-02-27 01:05:57','2026-02-27 01:05:57'),(6,'PPK Banyuwangi 1','PPK 1',2,'2026-02-27 01:06:06','2026-02-27 01:06:06'),(7,'PPK Banyuwangi 2','PPK 2',2,'2026-02-27 01:06:06','2026-02-27 01:06:06'),(8,'PPK Banyuwangi 3','PPK 3',2,'2026-02-27 01:06:07','2026-02-27 01:06:07'),(9,'PPK Banyuwangi 4','PPK 4',2,'2026-02-27 01:06:07','2026-02-27 01:06:07'),(10,'PPK Banyuwangi 5','PPK 5',2,'2026-02-27 01:06:07','2026-02-27 01:06:07'),(11,'PPK Blimbingsari 1','PPK 1',3,'2026-02-27 01:06:30','2026-02-27 01:06:30'),(12,'PPK Blimbingsari 2','PPK 2',3,'2026-02-27 01:06:31','2026-02-27 01:06:31'),(13,'PPK Blimbingsari 3','PPK 3',3,'2026-02-27 01:06:31','2026-02-27 01:06:31'),(14,'PPK Blimbingsari 4','PPK 4',3,'2026-02-27 01:06:31','2026-02-27 01:06:31'),(15,'PPK Blimbingsari 5','PPK 5',3,'2026-02-27 01:06:32','2026-02-27 01:06:32'),(16,'PPK Cluring 1','PPK 1',4,'2026-02-27 01:06:42','2026-02-27 01:06:42'),(17,'PPK Cluring 2','PPK 2',4,'2026-02-27 01:06:42','2026-02-27 01:06:42'),(18,'PPK Cluring 3','PPK 3',4,'2026-02-27 01:06:42','2026-02-27 01:06:42'),(19,'PPK Cluring 4','PPK 4',4,'2026-02-27 01:06:42','2026-02-27 01:06:42'),(20,'PPK Cluring 5','PPK 5',4,'2026-02-27 01:06:42','2026-02-27 01:06:42'),(21,'PPK Gambiran 1','PPK 1',5,'2026-02-27 01:06:48','2026-02-27 01:06:48'),(22,'PPK Gambiran 2','PPK 2',5,'2026-02-27 01:06:49','2026-02-27 01:06:49'),(23,'PPK Gambiran 3','PPK 3',5,'2026-02-27 01:06:49','2026-02-27 01:06:49'),(24,'PPK Gambiran 4','PPK 4',5,'2026-02-27 01:06:49','2026-02-27 01:06:49'),(25,'PPK Gambiran 5','PPK 5',5,'2026-02-27 01:06:49','2026-02-27 01:06:49'),(26,'PPK Genteng 1','PPK 1',6,'2026-02-27 01:06:55','2026-02-27 01:06:55'),(27,'PPK Genteng 2','PPK 2',6,'2026-02-27 01:06:55','2026-02-27 01:06:55'),(28,'PPK Genteng 3','PPK 3',6,'2026-02-27 01:06:55','2026-02-27 01:06:55'),(29,'PPK Genteng 4','PPK 4',6,'2026-02-27 01:06:55','2026-02-27 01:06:55'),(30,'PPK Genteng 5','PPK 5',6,'2026-02-27 01:06:56','2026-02-27 01:06:56'),(31,'PPK Giri 1','PPK 1',7,'2026-02-27 01:07:01','2026-02-27 01:07:01'),(32,'PPK Giri 2','PPK 2',7,'2026-02-27 01:07:01','2026-02-27 01:07:01'),(33,'PPK Giri 3','PPK 3',7,'2026-02-27 01:07:01','2026-02-27 01:07:01'),(34,'PPK Giri 4','PPK 4',7,'2026-02-27 01:07:02','2026-02-27 01:07:02'),(35,'PPK Giri 5','PPK 5',7,'2026-02-27 01:07:02','2026-02-27 01:07:02'),(36,'PPK Glagah 1','PPK 1',8,'2026-02-27 01:07:08','2026-02-27 01:07:08'),(37,'PPK Glagah 2','PPK 2',8,'2026-02-27 01:07:08','2026-02-27 01:07:08'),(38,'PPK Glagah 3','PPK 3',8,'2026-02-27 01:07:08','2026-02-27 01:07:08'),(39,'PPK Glagah 4','PPK 4',8,'2026-02-27 01:07:09','2026-02-27 01:07:09'),(40,'PPK Glagah 5','PPK 5',8,'2026-02-27 01:07:09','2026-02-27 01:07:09'),(41,'PPK Glenmore 1','PPK 1',9,'2026-02-27 01:07:19','2026-02-27 01:07:19'),(42,'PPK Glenmore 2','PPK 2',9,'2026-02-27 01:07:19','2026-02-27 01:07:19'),(43,'PPK Glenmore 3','PPK 3',9,'2026-02-27 01:07:19','2026-02-27 01:07:19'),(44,'PPK Glenmore 4','PPK 4',9,'2026-02-27 01:07:20','2026-02-27 01:07:20'),(45,'PPK Glenmore 5','PPK 5',9,'2026-02-27 01:07:20','2026-02-27 01:07:20'),(46,'PPK Kabat 1','PPK 1',10,'2026-02-27 01:07:27','2026-02-27 01:07:27'),(47,'PPK Kabat 2','PPK 2',10,'2026-02-27 01:07:27','2026-02-27 01:07:27'),(48,'PPK Kabat 3','PPK 3',10,'2026-02-27 01:07:27','2026-02-27 01:07:27'),(49,'PPK Kabat 4','PPK 4',10,'2026-02-27 01:07:28','2026-02-27 01:07:28'),(50,'PPK Kabat 5','PPK 5',10,'2026-02-27 01:07:28','2026-02-27 01:07:28'),(51,'PPK Kalibaru 1','PPK 1',11,'2026-02-27 01:07:41','2026-02-27 01:07:41'),(52,'PPK Kalibaru 2','PPK 2',11,'2026-02-27 01:07:41','2026-02-27 01:07:41'),(53,'PPK Kalibaru 3','PPK 3',11,'2026-02-27 01:07:41','2026-02-27 01:07:41'),(54,'PPK Kalibaru 4','PPK 4',11,'2026-02-27 01:07:42','2026-02-27 01:07:42'),(55,'PPK Kalibaru 5','PPK 5',11,'2026-02-27 01:07:42','2026-02-27 01:07:42'),(56,'PPK Kalipuro 1','PPK 1',12,'2026-02-27 01:07:48','2026-02-27 01:07:48'),(57,'PPK Kalipuro 2','PPK 2',12,'2026-02-27 01:07:48','2026-02-27 01:07:48'),(58,'PPK Kalipuro 3','PPK 3',12,'2026-02-27 01:07:48','2026-02-27 01:07:48'),(59,'PPK Kalipuro 4','PPK 4',12,'2026-02-27 01:07:48','2026-02-27 01:07:48'),(60,'PPK Kalipuro 5','PPK 5',12,'2026-02-27 01:07:49','2026-02-27 01:07:49'),(61,'PPK Licin 1','PPK 1',13,'2026-02-27 01:07:57','2026-02-27 01:07:57'),(62,'PPK Licin 2','PPK 2',13,'2026-02-27 01:07:58','2026-02-27 01:07:58'),(63,'PPK Licin 3','PPK 3',13,'2026-02-27 01:07:58','2026-02-27 01:07:58'),(64,'PPK Licin 4','PPK 4',13,'2026-02-27 01:07:58','2026-02-27 01:07:58'),(65,'PPK Licin 5','PPK 5',13,'2026-02-27 01:07:58','2026-02-27 01:07:58'),(66,'PPK Muncar 1','PPK 1',14,'2026-02-27 01:08:06','2026-02-27 01:08:06'),(67,'PPK Muncar 2','PPK 2',14,'2026-02-27 01:08:06','2026-02-27 01:08:06'),(68,'PPK Muncar 3','PPK 3',14,'2026-02-27 01:08:07','2026-02-27 01:08:07'),(69,'PPK Muncar 4','PPK 4',14,'2026-02-27 01:08:07','2026-02-27 01:08:07'),(70,'PPK Muncar 5','PPK 5',14,'2026-02-27 01:08:07','2026-02-27 01:08:07'),(71,'PPK Pesanggaran 1','PPK 1',15,'2026-02-27 01:08:17','2026-02-27 01:08:17'),(72,'PPK Pesanggaran 2','PPK 2',15,'2026-02-27 01:08:17','2026-02-27 01:08:17'),(73,'PPK Pesanggaran 3','PPK 3',15,'2026-02-27 01:08:17','2026-02-27 01:08:17'),(74,'PPK Pesanggaran 4','PPK 4',15,'2026-02-27 01:08:18','2026-02-27 01:08:18'),(75,'PPK Pesanggaran 5','PPK 5',15,'2026-02-27 01:08:18','2026-02-27 01:08:18'),(76,'PPK Purwoharjo 1','PPK 1',16,'2026-02-27 01:08:23','2026-02-27 01:08:23'),(77,'PPK Purwoharjo 2','PPK 2',16,'2026-02-27 01:08:24','2026-02-27 01:08:24'),(78,'PPK Purwoharjo 3','PPK 3',16,'2026-02-27 01:08:24','2026-02-27 01:08:24'),(79,'PPK Purwoharjo 4','PPK 4',16,'2026-02-27 01:08:25','2026-02-27 01:08:25'),(80,'PPK Purwoharjo 5','PPK 5',16,'2026-02-27 01:08:25','2026-02-27 01:08:25'),(81,'PPK Rogojampi 1','PPK 1',17,'2026-02-27 01:08:33','2026-02-27 01:08:33'),(82,'PPK Rogojampi 2','PPK 2',17,'2026-02-27 01:08:33','2026-02-27 01:08:33'),(83,'PPK Rogojampi 3','PPK 3',17,'2026-02-27 01:08:34','2026-02-27 01:08:34'),(84,'PPK Rogojampi 4','PPK 4',17,'2026-02-27 01:08:34','2026-02-27 01:08:34'),(85,'PPK Rogojampi 5','PPK 5',17,'2026-02-27 01:08:34','2026-02-27 01:08:34'),(86,'PPK Sempu 1','PPK 1',18,'2026-02-27 01:08:45','2026-02-27 01:08:45'),(87,'PPK Sempu 2','PPK 2',18,'2026-02-27 01:08:45','2026-02-27 01:08:45'),(88,'PPK Sempu 3','PPK 3',18,'2026-02-27 01:08:45','2026-02-27 01:08:45'),(89,'PPK Sempu 4','PPK 4',18,'2026-02-27 01:08:46','2026-02-27 01:08:46'),(90,'PPK Sempu 5','PPK 5',18,'2026-02-27 01:08:46','2026-02-27 01:08:46'),(91,'PPK Siliragung 1','PPK 1',19,'2026-02-27 01:08:53','2026-02-27 01:08:53'),(92,'PPK Siliragung 2','PPK 2',19,'2026-02-27 01:08:54','2026-02-27 01:08:54'),(93,'PPK Siliragung 3','PPK 3',19,'2026-02-27 01:08:54','2026-02-27 01:08:54'),(94,'PPK Siliragung 4','PPK 4',19,'2026-02-27 01:08:54','2026-02-27 01:08:54'),(95,'PPK Siliragung 5','PPK 5',19,'2026-02-27 01:08:55','2026-02-27 01:08:55'),(96,'PPK Singojuruh 1','PPK 1',20,'2026-02-27 01:09:00','2026-02-27 01:09:00'),(97,'PPK Singojuruh 2','PPK 2',20,'2026-02-27 01:09:00','2026-02-27 01:09:00'),(98,'PPK Singojuruh 3','PPK 3',20,'2026-02-27 01:09:00','2026-02-27 01:09:00'),(99,'PPK Singojuruh 4','PPK 4',20,'2026-02-27 01:09:01','2026-02-27 01:09:01'),(100,'PPK Singojuruh 5','PPK 5',20,'2026-02-27 01:09:01','2026-02-27 01:09:01'),(101,'PPK Songgon 1','PPK 1',21,'2026-02-27 01:09:12','2026-02-27 01:09:12'),(102,'PPK Songgon 2','PPK 2',21,'2026-02-27 01:09:13','2026-02-27 01:09:13'),(103,'PPK Songgon 3','PPK 3',21,'2026-02-27 01:09:13','2026-02-27 01:09:13'),(104,'PPK Songgon 4','PPK 4',21,'2026-02-27 01:09:13','2026-02-27 01:09:13'),(105,'PPK Songgon 5','PPK 5',21,'2026-02-27 01:09:14','2026-02-27 01:09:14'),(106,'PPK Srono 1','PPK 1',22,'2026-02-27 01:09:23','2026-02-27 01:09:23'),(107,'PPK Srono 2','PPK 2',22,'2026-02-27 01:09:23','2026-02-27 01:09:23'),(108,'PPK Srono 3','PPK 3',22,'2026-02-27 01:09:23','2026-02-27 01:09:23'),(109,'PPK Srono 4','PPK 4',22,'2026-02-27 01:09:24','2026-02-27 01:09:24'),(110,'PPK Srono 5','PPK 5',22,'2026-02-27 01:09:24','2026-02-27 01:09:24'),(111,'PPK Tegaldlimo 1','PPK 1',23,'2026-02-27 01:09:33','2026-02-27 01:09:33'),(112,'PPK Tegaldlimo 2','PPK 2',23,'2026-02-27 01:09:33','2026-02-27 01:09:33'),(113,'PPK Tegaldlimo 3','PPK 3',23,'2026-02-27 01:09:34','2026-02-27 01:09:34'),(114,'PPK Tegaldlimo 4','PPK 4',23,'2026-02-27 01:09:34','2026-02-27 01:09:34'),(115,'PPK Tegaldlimo 5','PPK 5',23,'2026-02-27 01:09:34','2026-02-27 01:09:34'),(116,'PPK Tegalsari 1','PPK 1',24,'2026-02-27 01:09:43','2026-02-27 01:09:43'),(117,'PPK Tegalsari 2','PPK 2',24,'2026-02-27 01:09:43','2026-02-27 01:09:43'),(118,'PPK Tegalsari 3','PPK 3',24,'2026-02-27 01:09:44','2026-02-27 01:09:44'),(119,'PPK Tegalsari 4','PPK 4',24,'2026-02-27 01:09:44','2026-02-27 01:09:44'),(120,'PPK Tegalsari 5','PPK 5',24,'2026-02-27 01:09:44','2026-02-27 01:09:44'),(121,'PPK Wongsorejo 1','PPK 1',25,'2026-02-27 01:09:50','2026-02-27 01:09:50'),(122,'PPK Wongsorejo 2','PPK 2',25,'2026-02-27 01:09:50','2026-02-27 01:09:50'),(123,'PPK Wongsorejo 3','PPK 3',25,'2026-02-27 01:09:50','2026-02-27 01:09:50'),(124,'PPK Wongsorejo 4','PPK 4',25,'2026-02-27 01:09:51','2026-02-27 01:09:51'),(125,'PPK Wongsorejo 5','PPK 5',25,'2026-02-27 01:09:51','2026-02-27 01:09:51');
/*!40000 ALTER TABLE `ppk_member` ENABLE KEYS */;
UNLOCK TABLES;

--
-- Table structure for table `pps_member`
--

DROP TABLE IF EXISTS `pps_member`;
/*!40101 SET @saved_cs_client     = @@character_set_client */;
/*!50503 SET character_set_client = utf8mb4 */;
CREATE TABLE `pps_member` (
  `id` bigint unsigned NOT NULL AUTO_INCREMENT,
  `name` varchar(255) COLLATE utf8mb4_unicode_ci NOT NULL,
  `job_title` varchar(255) COLLATE utf8mb4_unicode_ci DEFAULT NULL,
  `desa_id` bigint unsigned NOT NULL,
  `created_at` timestamp NULL DEFAULT NULL,
  `updated_at` timestamp NULL DEFAULT NULL,
  PRIMARY KEY (`id`),
  KEY `pps_member_desa_id_foreign` (`desa_id`),
  CONSTRAINT `pps_member_desa_id_foreign` FOREIGN KEY (`desa_id`) REFERENCES `desa` (`id`) ON DELETE CASCADE
) ENGINE=InnoDB AUTO_INCREMENT=646 DEFAULT CHARSET=utf8mb4 COLLATE=utf8mb4_unicode_ci;
/*!40101 SET character_set_client = @saved_cs_client */;

--
-- Dumping data for table `pps_member`
--

LOCK TABLES `pps_member` WRITE;
/*!40000 ALTER TABLE `pps_member` DISABLE KEYS */;
INSERT INTO `pps_member` VALUES (1,'PPS Bangorejo 1','PPS 1',1,'2026-02-27 01:05:57','2026-02-27 01:05:57'),(2,'PPS Bangorejo 2','PPS 2',1,'2026-02-27 01:05:57','2026-02-27 01:05:57'),(3,'PPS Bangorejo 3','PPS 3',1,'2026-02-27 01:05:58','2026-02-27 01:05:58'),(4,'PPS Kebondalem 1','PPS 1',2,'2026-02-27 01:05:58','2026-02-27 01:05:58'),(5,'PPS Kebondalem 2','PPS 2',2,'2026-02-27 01:05:58','2026-02-27 01:05:58'),(6,'PPS Kebondalem 3','PPS 3',2,'2026-02-27 01:05:58','2026-02-27 01:05:58'),(7,'PPS Ringintelu 1','PPS 1',3,'2026-02-27 01:05:58','2026-02-27 01:05:58'),(8,'PPS Ringintelu 2','PPS 2',3,'2026-02-27 01:05:59','2026-02-27 01:05:59'),(9,'PPS Ringintelu 3','PPS 3',3,'2026-02-27 01:05:59','2026-02-27 01:05:59'),(10,'PPS Sambimulyo 1','PPS 1',4,'2026-02-27 01:06:00','2026-02-27 01:06:00'),(11,'PPS Sambimulyo 2','PPS 2',4,'2026-02-27 01:06:00','2026-02-27 01:06:00'),(12,'PPS Sambimulyo 3','PPS 3',4,'2026-02-27 01:06:01','2026-02-27 01:06:01'),(13,'PPS Sambirejo 1','PPS 1',5,'2026-02-27 01:06:01','2026-02-27 01:06:01'),(14,'PPS Sambirejo 2','PPS 2',5,'2026-02-27 01:06:02','2026-02-27 01:06:02'),(15,'PPS Sambirejo 3','PPS 3',5,'2026-02-27 01:06:02','2026-02-27 01:06:02'),(16,'PPS Sukorejo 1','PPS 1',6,'2026-02-27 01:06:03','2026-02-27 01:06:03'),(17,'PPS Sukorejo 2','PPS 2',6,'2026-02-27 01:06:03','2026-02-27 01:06:03'),(18,'PPS Sukorejo 3','PPS 3',6,'2026-02-27 01:06:04','2026-02-27 01:06:04'),(19,'PPS Temurejo 1','PPS 1',7,'2026-02-27 01:06:04','2026-02-27 01:06:04'),(20,'PPS Temurejo 2','PPS 2',7,'2026-02-27 01:06:05','2026-02-27 01:06:05'),(21,'PPS Temurejo 3','PPS 3',7,'2026-02-27 01:06:05','2026-02-27 01:06:05'),(22,'PPS Kampung Mandar 1','PPS 1',8,'2026-02-27 01:06:08','2026-02-27 01:06:08'),(23,'PPS Kampung Mandar 2','PPS 2',8,'2026-02-27 01:06:08','2026-02-27 01:06:08'),(24,'PPS Kampung Mandar 3','PPS 3',8,'2026-02-27 01:06:09','2026-02-27 01:06:09'),(25,'PPS Kampung Melayu 1','PPS 1',9,'2026-02-27 01:06:10','2026-02-27 01:06:10'),(26,'PPS Kampung Melayu 2','PPS 2',9,'2026-02-27 01:06:10','2026-02-27 01:06:10'),(27,'PPS Kampung Melayu 3','PPS 3',9,'2026-02-27 01:06:11','2026-02-27 01:06:11'),(28,'PPS Karangrejo 1','PPS 1',10,'2026-02-27 01:06:11','2026-02-27 01:06:11'),(29,'PPS Karangrejo 2','PPS 2',10,'2026-02-27 01:06:12','2026-02-27 01:06:12'),(30,'PPS Karangrejo 3','PPS 3',10,'2026-02-27 01:06:12','2026-02-27 01:06:12'),(31,'PPS Kebalenan 1','PPS 1',11,'2026-02-27 01:06:12','2026-02-27 01:06:12'),(32,'PPS Kebalenan 2','PPS 2',11,'2026-02-27 01:06:13','2026-02-27 01:06:13'),(33,'PPS Kebalenan 3','PPS 3',11,'2026-02-27 01:06:13','2026-02-27 01:06:13'),(34,'PPS Kepatihan 1','PPS 1',12,'2026-02-27 01:06:14','2026-02-27 01:06:14'),(35,'PPS Kepatihan 2','PPS 2',12,'2026-02-27 01:06:14','2026-02-27 01:06:14'),(36,'PPS Kepatihan 3','PPS 3',12,'2026-02-27 01:06:15','2026-02-27 01:06:15'),(37,'PPS Kertosari 1','PPS 1',13,'2026-02-27 01:06:15','2026-02-27 01:06:15'),(38,'PPS Kertosari 2','PPS 2',13,'2026-02-27 01:06:15','2026-02-27 01:06:15'),(39,'PPS Kertosari 3','PPS 3',13,'2026-02-27 01:06:15','2026-02-27 01:06:15'),(40,'PPS Lateng 1','PPS 1',14,'2026-02-27 01:06:16','2026-02-27 01:06:16'),(41,'PPS Lateng 2','PPS 2',14,'2026-02-27 01:06:16','2026-02-27 01:06:16'),(42,'PPS Lateng 3','PPS 3',14,'2026-02-27 01:06:16','2026-02-27 01:06:16'),(43,'PPS Pakis 1','PPS 1',15,'2026-02-27 01:06:16','2026-02-27 01:06:16'),(44,'PPS Pakis 2','PPS 2',15,'2026-02-27 01:06:16','2026-02-27 01:06:16'),(45,'PPS Pakis 3','PPS 3',15,'2026-02-27 01:06:17','2026-02-27 01:06:17'),(46,'PPS Panderejo 1','PPS 1',16,'2026-02-27 01:06:17','2026-02-27 01:06:17'),(47,'PPS Panderejo 2','PPS 2',16,'2026-02-27 01:06:17','2026-02-27 01:06:17'),(48,'PPS Panderejo 3','PPS 3',16,'2026-02-27 01:06:17','2026-02-27 01:06:17'),(49,'PPS Penganjuran 1','PPS 1',17,'2026-02-27 01:06:17','2026-02-27 01:06:17'),(50,'PPS Penganjuran 2','PPS 2',17,'2026-02-27 01:06:18','2026-02-27 01:06:18'),(51,'PPS Penganjuran 3','PPS 3',17,'2026-02-27 01:06:18','2026-02-27 01:06:18'),(52,'PPS Pengantigan 1','PPS 1',18,'2026-02-27 01:06:18','2026-02-27 01:06:18'),(53,'PPS Pengantigan 2','PPS 2',18,'2026-02-27 01:06:19','2026-02-27 01:06:19'),(54,'PPS Pengantigan 3','PPS 3',18,'2026-02-27 01:06:19','2026-02-27 01:06:19'),(55,'PPS Singonegaran 1','PPS 1',19,'2026-02-27 01:06:20','2026-02-27 01:06:20'),(56,'PPS Singonegaran 2','PPS 2',19,'2026-02-27 01:06:20','2026-02-27 01:06:20'),(57,'PPS Singonegaran 3','PPS 3',19,'2026-02-27 01:06:21','2026-02-27 01:06:21'),(58,'PPS Singotrunan 1','PPS 1',20,'2026-02-27 01:06:21','2026-02-27 01:06:21'),(59,'PPS Singotrunan 2','PPS 2',20,'2026-02-27 01:06:22','2026-02-27 01:06:22'),(60,'PPS Singotrunan 3','PPS 3',20,'2026-02-27 01:06:22','2026-02-27 01:06:22'),(61,'PPS Sobo 1','PPS 1',21,'2026-02-27 01:06:23','2026-02-27 01:06:23'),(62,'PPS Sobo 2','PPS 2',21,'2026-02-27 01:06:23','2026-02-27 01:06:23'),(63,'PPS Sobo 3','PPS 3',21,'2026-02-27 01:06:24','2026-02-27 01:06:24'),(64,'PPS Sumber Rejo 1','PPS 1',22,'2026-02-27 01:06:24','2026-02-27 01:06:24'),(65,'PPS Sumber Rejo 2','PPS 2',22,'2026-02-27 01:06:25','2026-02-27 01:06:25'),(66,'PPS Sumber Rejo 3','PPS 3',22,'2026-02-27 01:06:25','2026-02-27 01:06:25'),(67,'PPS Taman Baru 1','PPS 1',23,'2026-02-27 01:06:26','2026-02-27 01:06:26'),(68,'PPS Taman Baru 2','PPS 2',23,'2026-02-27 01:06:26','2026-02-27 01:06:26'),(69,'PPS Taman Baru 3','PPS 3',23,'2026-02-27 01:06:27','2026-02-27 01:06:27'),(70,'PPS Temenggungan 1','PPS 1',24,'2026-02-27 01:06:27','2026-02-27 01:06:27'),(71,'PPS Temenggungan 2','PPS 2',24,'2026-02-27 01:06:28','2026-02-27 01:06:28'),(72,'PPS Temenggungan 3','PPS 3',24,'2026-02-27 01:06:28','2026-02-27 01:06:28'),(73,'PPS Tukang Kayu 1','PPS 1',25,'2026-02-27 01:06:29','2026-02-27 01:06:29'),(74,'PPS Tukang Kayu 2','PPS 2',25,'2026-02-27 01:06:29','2026-02-27 01:06:29'),(75,'PPS Tukang Kayu 3','PPS 3',25,'2026-02-27 01:06:30','2026-02-27 01:06:30'),(76,'PPS Badean 1','PPS 1',26,'2026-02-27 01:06:32','2026-02-27 01:06:32'),(77,'PPS Badean 2','PPS 2',26,'2026-02-27 01:06:33','2026-02-27 01:06:33'),(78,'PPS Badean 3','PPS 3',26,'2026-02-27 01:06:33','2026-02-27 01:06:33'),(79,'PPS Blimbingsari 1','PPS 1',27,'2026-02-27 01:06:34','2026-02-27 01:06:34'),(80,'PPS Blimbingsari 2','PPS 2',27,'2026-02-27 01:06:34','2026-02-27 01:06:34'),(81,'PPS Blimbingsari 3','PPS 3',27,'2026-02-27 01:06:34','2026-02-27 01:06:34'),(82,'PPS Bomo 1','PPS 1',28,'2026-02-27 01:06:35','2026-02-27 01:06:35'),(83,'PPS Bomo 2','PPS 2',28,'2026-02-27 01:06:35','2026-02-27 01:06:35'),(84,'PPS Bomo 3','PPS 3',28,'2026-02-27 01:06:35','2026-02-27 01:06:35'),(85,'PPS Gintangan 1','PPS 1',29,'2026-02-27 01:06:35','2026-02-27 01:06:35'),(86,'PPS Gintangan 2','PPS 2',29,'2026-02-27 01:06:35','2026-02-27 01:06:35'),(87,'PPS Gintangan 3','PPS 3',29,'2026-02-27 01:06:36','2026-02-27 01:06:36'),(88,'PPS Kaligung 1','PPS 1',30,'2026-02-27 01:06:36','2026-02-27 01:06:36'),(89,'PPS Kaligung 2','PPS 2',30,'2026-02-27 01:06:36','2026-02-27 01:06:36'),(90,'PPS Kaligung 3','PPS 3',30,'2026-02-27 01:06:36','2026-02-27 01:06:36'),(91,'PPS Kaotan 1','PPS 1',31,'2026-02-27 01:06:37','2026-02-27 01:06:37'),(92,'PPS Kaotan 2','PPS 2',31,'2026-02-27 01:06:37','2026-02-27 01:06:37'),(93,'PPS Kaotan 3','PPS 3',31,'2026-02-27 01:06:38','2026-02-27 01:06:38'),(94,'PPS Karangrejo 1','PPS 1',32,'2026-02-27 01:06:38','2026-02-27 01:06:38'),(95,'PPS Patoman 1','PPS 1',33,'2026-02-27 01:06:39','2026-02-27 01:06:39'),(96,'PPS Patoman 2','PPS 2',33,'2026-02-27 01:06:39','2026-02-27 01:06:39'),(97,'PPS Patoman 3','PPS 3',33,'2026-02-27 01:06:40','2026-02-27 01:06:40'),(98,'PPS Sukojati 1','PPS 1',34,'2026-02-27 01:06:40','2026-02-27 01:06:40'),(99,'PPS Sukojati 2','PPS 2',34,'2026-02-27 01:06:41','2026-02-27 01:06:41'),(100,'PPS Sukojati 3','PPS 3',34,'2026-02-27 01:06:41','2026-02-27 01:06:41'),(101,'PPS Watukebo 1','PPS 1',35,'2026-02-27 01:06:41','2026-02-27 01:06:41'),(102,'PPS Watukebo 2','PPS 2',35,'2026-02-27 01:06:41','2026-02-27 01:06:41'),(103,'PPS Watukebo 3','PPS 3',35,'2026-02-27 01:06:41','2026-02-27 01:06:41'),(104,'PPS Benculuk 1','PPS 1',36,'2026-02-27 01:06:43','2026-02-27 01:06:43'),(105,'PPS Benculuk 2','PPS 2',36,'2026-02-27 01:06:43','2026-02-27 01:06:43'),(106,'PPS Benculuk 3','PPS 3',36,'2026-02-27 01:06:43','2026-02-27 01:06:43'),(107,'PPS Cluring 1','PPS 1',37,'2026-02-27 01:06:43','2026-02-27 01:06:43'),(108,'PPS Cluring 2','PPS 2',37,'2026-02-27 01:06:44','2026-02-27 01:06:44'),(109,'PPS Cluring 3','PPS 3',37,'2026-02-27 01:06:44','2026-02-27 01:06:44'),(110,'PPS Kaliploso 1','PPS 1',38,'2026-02-27 01:06:44','2026-02-27 01:06:44'),(111,'PPS Kaliploso 2','PPS 2',38,'2026-02-27 01:06:44','2026-02-27 01:06:44'),(112,'PPS Kaliploso 3','PPS 3',38,'2026-02-27 01:06:44','2026-02-27 01:06:44'),(113,'PPS Plampangrejo 1','PPS 1',39,'2026-02-27 01:06:45','2026-02-27 01:06:45'),(114,'PPS Plampangrejo 2','PPS 2',39,'2026-02-27 01:06:45','2026-02-27 01:06:45'),(115,'PPS Plampangrejo 3','PPS 3',39,'2026-02-27 01:06:45','2026-02-27 01:06:45'),(116,'PPS Sarimulyo 1','PPS 1',40,'2026-02-27 01:06:45','2026-02-27 01:06:45'),(117,'PPS Sarimulyo 2','PPS 2',40,'2026-02-27 01:06:45','2026-02-27 01:06:45'),(118,'PPS Sarimulyo 3','PPS 3',40,'2026-02-27 01:06:46','2026-02-27 01:06:46'),(119,'PPS Sembulung 1','PPS 1',41,'2026-02-27 01:06:46','2026-02-27 01:06:46'),(120,'PPS Sembulung 2','PPS 2',41,'2026-02-27 01:06:46','2026-02-27 01:06:46'),(121,'PPS Sembulung 3','PPS 3',41,'2026-02-27 01:06:46','2026-02-27 01:06:46'),(122,'PPS Sraten 1','PPS 1',42,'2026-02-27 01:06:46','2026-02-27 01:06:46'),(123,'PPS Sraten 2','PPS 2',42,'2026-02-27 01:06:47','2026-02-27 01:06:47'),(124,'PPS Sraten 3','PPS 3',42,'2026-02-27 01:06:47','2026-02-27 01:06:47'),(125,'PPS Tamanagung 1','PPS 1',43,'2026-02-27 01:06:47','2026-02-27 01:06:47'),(126,'PPS Tamanagung 2','PPS 2',43,'2026-02-27 01:06:47','2026-02-27 01:06:47'),(127,'PPS Tamanagung 3','PPS 3',43,'2026-02-27 01:06:48','2026-02-27 01:06:48'),(128,'PPS Tampo 1','PPS 1',44,'2026-02-27 01:06:48','2026-02-27 01:06:48'),(129,'PPS Tampo 2','PPS 2',44,'2026-02-27 01:06:48','2026-02-27 01:06:48'),(130,'PPS Tampo 3','PPS 3',44,'2026-02-27 01:06:48','2026-02-27 01:06:48'),(131,'PPS Gambiran 1','PPS 1',45,'2026-02-27 01:06:49','2026-02-27 01:06:49'),(132,'PPS Gambiran 2','PPS 2',45,'2026-02-27 01:06:50','2026-02-27 01:06:50'),(133,'PPS Gambiran 3','PPS 3',45,'2026-02-27 01:06:50','2026-02-27 01:06:50'),(134,'PPS Jajag 1','PPS 1',46,'2026-02-27 01:06:50','2026-02-27 01:06:50'),(135,'PPS Jajag 2','PPS 2',46,'2026-02-27 01:06:50','2026-02-27 01:06:50'),(136,'PPS Jajag 3','PPS 3',46,'2026-02-27 01:06:51','2026-02-27 01:06:51'),(137,'PPS Purwodadi 1','PPS 1',47,'2026-02-27 01:06:51','2026-02-27 01:06:51'),(138,'PPS Purwodadi 2','PPS 2',47,'2026-02-27 01:06:51','2026-02-27 01:06:51'),(139,'PPS Purwodadi 3','PPS 3',47,'2026-02-27 01:06:51','2026-02-27 01:06:51'),(140,'PPS Wringinagung 1','PPS 1',48,'2026-02-27 01:06:52','2026-02-27 01:06:52'),(141,'PPS Wringinagung 2','PPS 2',48,'2026-02-27 01:06:52','2026-02-27 01:06:52'),(142,'PPS Wringinagung 3','PPS 3',48,'2026-02-27 01:06:52','2026-02-27 01:06:52'),(143,'PPS Wringinrejo 1','PPS 1',49,'2026-02-27 01:06:53','2026-02-27 01:06:53'),(144,'PPS Wringinrejo 2','PPS 2',49,'2026-02-27 01:06:53','2026-02-27 01:06:53'),(145,'PPS Wringinrejo 3','PPS 3',49,'2026-02-27 01:06:53','2026-02-27 01:06:53'),(146,'PPS Yosomulyo 1','PPS 1',50,'2026-02-27 01:06:54','2026-02-27 01:06:54'),(147,'PPS Yosomulyo 2','PPS 2',50,'2026-02-27 01:06:54','2026-02-27 01:06:54'),(148,'PPS Yosomulyo 3','PPS 3',50,'2026-02-27 01:06:54','2026-02-27 01:06:54'),(149,'PPS Genteng Kulon 1','PPS 1',51,'2026-02-27 01:06:56','2026-02-27 01:06:56'),(150,'PPS Genteng Kulon 2','PPS 2',51,'2026-02-27 01:06:56','2026-02-27 01:06:56'),(151,'PPS Genteng Kulon 3','PPS 3',51,'2026-02-27 01:06:57','2026-02-27 01:06:57'),(152,'PPS Genteng Wetan 1','PPS 1',52,'2026-02-27 01:06:57','2026-02-27 01:06:57'),(153,'PPS Genteng Wetan 2','PPS 2',52,'2026-02-27 01:06:57','2026-02-27 01:06:57'),(154,'PPS Genteng Wetan 3','PPS 3',52,'2026-02-27 01:06:58','2026-02-27 01:06:58'),(155,'PPS Kaligondo 1','PPS 1',53,'2026-02-27 01:06:58','2026-02-27 01:06:58'),(156,'PPS Kaligondo 2','PPS 2',53,'2026-02-27 01:06:58','2026-02-27 01:06:58'),(157,'PPS Kaligondo 3','PPS 3',53,'2026-02-27 01:06:59','2026-02-27 01:06:59'),(158,'PPS Kembiritan 1','PPS 1',54,'2026-02-27 01:06:59','2026-02-27 01:06:59'),(159,'PPS Kembiritan 2','PPS 2',54,'2026-02-27 01:06:59','2026-02-27 01:06:59'),(160,'PPS Kembiritan 3','PPS 3',54,'2026-02-27 01:06:59','2026-02-27 01:06:59'),(161,'PPS Setail 1','PPS 1',55,'2026-02-27 01:07:00','2026-02-27 01:07:00'),(162,'PPS Setail 2','PPS 2',55,'2026-02-27 01:07:00','2026-02-27 01:07:00'),(163,'PPS Setail 3','PPS 3',55,'2026-02-27 01:07:00','2026-02-27 01:07:00'),(164,'PPS Boyolangu 1','PPS 1',56,'2026-02-27 01:07:02','2026-02-27 01:07:02'),(165,'PPS Boyolangu 2','PPS 2',56,'2026-02-27 01:07:02','2026-02-27 01:07:02'),(166,'PPS Boyolangu 3','PPS 3',56,'2026-02-27 01:07:03','2026-02-27 01:07:03'),(167,'PPS Giri 1','PPS 1',57,'2026-02-27 01:07:03','2026-02-27 01:07:03'),(168,'PPS Giri 2','PPS 2',57,'2026-02-27 01:07:03','2026-02-27 01:07:03'),(169,'PPS Giri 3','PPS 3',57,'2026-02-27 01:07:04','2026-02-27 01:07:04'),(170,'PPS Grogol 1','PPS 1',58,'2026-02-27 01:07:04','2026-02-27 01:07:04'),(171,'PPS Grogol 2','PPS 2',58,'2026-02-27 01:07:04','2026-02-27 01:07:04'),(172,'PPS Grogol 3','PPS 3',58,'2026-02-27 01:07:05','2026-02-27 01:07:05'),(173,'PPS Jambesari 1','PPS 1',59,'2026-02-27 01:07:05','2026-02-27 01:07:05'),(174,'PPS Jambesari 2','PPS 2',59,'2026-02-27 01:07:05','2026-02-27 01:07:05'),(175,'PPS Jambesari 3','PPS 3',59,'2026-02-27 01:07:06','2026-02-27 01:07:06'),(176,'PPS Mojopanggung 1','PPS 1',60,'2026-02-27 01:07:06','2026-02-27 01:07:06'),(177,'PPS Mojopanggung 2','PPS 2',60,'2026-02-27 01:07:06','2026-02-27 01:07:06'),(178,'PPS Mojopanggung 3','PPS 3',60,'2026-02-27 01:07:07','2026-02-27 01:07:07'),(179,'PPS Penataban 1','PPS 1',61,'2026-02-27 01:07:07','2026-02-27 01:07:07'),(180,'PPS Penataban 2','PPS 2',61,'2026-02-27 01:07:07','2026-02-27 01:07:07'),(181,'PPS Penataban 3','PPS 3',61,'2026-02-27 01:07:07','2026-02-27 01:07:07'),(182,'PPS Bakungan 1','PPS 1',62,'2026-02-27 01:07:09','2026-02-27 01:07:09'),(183,'PPS Bakungan 2','PPS 2',62,'2026-02-27 01:07:10','2026-02-27 01:07:10'),(184,'PPS Bakungan 3','PPS 3',62,'2026-02-27 01:07:10','2026-02-27 01:07:10'),(185,'PPS Banjarsari 1','PPS 1',63,'2026-02-27 01:07:10','2026-02-27 01:07:10'),(186,'PPS Banjarsari 2','PPS 2',63,'2026-02-27 01:07:10','2026-02-27 01:07:10'),(187,'PPS Banjarsari 3','PPS 3',63,'2026-02-27 01:07:11','2026-02-27 01:07:11'),(188,'PPS Glagah 1','PPS 1',64,'2026-02-27 01:07:11','2026-02-27 01:07:11'),(189,'PPS Glagah 2','PPS 2',64,'2026-02-27 01:07:11','2026-02-27 01:07:11'),(190,'PPS Glagah 3','PPS 3',64,'2026-02-27 01:07:12','2026-02-27 01:07:12'),(191,'PPS Kampunganyar 1','PPS 1',65,'2026-02-27 01:07:12','2026-02-27 01:07:12'),(192,'PPS Kampunganyar 2','PPS 2',65,'2026-02-27 01:07:13','2026-02-27 01:07:13'),(193,'PPS Kampunganyar 3','PPS 3',65,'2026-02-27 01:07:13','2026-02-27 01:07:13'),(194,'PPS Kemiren 1','PPS 1',66,'2026-02-27 01:07:13','2026-02-27 01:07:13'),(195,'PPS Kemiren 2','PPS 2',66,'2026-02-27 01:07:13','2026-02-27 01:07:13'),(196,'PPS Kemiren 3','PPS 3',66,'2026-02-27 01:07:14','2026-02-27 01:07:14'),(197,'PPS Kenjo 1','PPS 1',67,'2026-02-27 01:07:14','2026-02-27 01:07:14'),(198,'PPS Kenjo 2','PPS 2',67,'2026-02-27 01:07:14','2026-02-27 01:07:14'),(199,'PPS Kenjo 3','PPS 3',67,'2026-02-27 01:07:15','2026-02-27 01:07:15'),(200,'PPS Olehsari 1','PPS 1',68,'2026-02-27 01:07:15','2026-02-27 01:07:15'),(201,'PPS Olehsari 2','PPS 2',68,'2026-02-27 01:07:15','2026-02-27 01:07:15'),(202,'PPS Olehsari 3','PPS 3',68,'2026-02-27 01:07:16','2026-02-27 01:07:16'),(203,'PPS Paspan 1','PPS 1',69,'2026-02-27 01:07:16','2026-02-27 01:07:16'),(204,'PPS Paspan 2','PPS 2',69,'2026-02-27 01:07:16','2026-02-27 01:07:16'),(205,'PPS Paspan 3','PPS 3',69,'2026-02-27 01:07:17','2026-02-27 01:07:17'),(206,'PPS Rejosari 1','PPS 1',70,'2026-02-27 01:07:17','2026-02-27 01:07:17'),(207,'PPS Rejosari 2','PPS 2',70,'2026-02-27 01:07:17','2026-02-27 01:07:17'),(208,'PPS Rejosari 3','PPS 3',70,'2026-02-27 01:07:17','2026-02-27 01:07:17'),(209,'PPS Tamansuruh 1','PPS 1',71,'2026-02-27 01:07:18','2026-02-27 01:07:18'),(210,'PPS Tamansuruh 2','PPS 2',71,'2026-02-27 01:07:18','2026-02-27 01:07:18'),(211,'PPS Tamansuruh 3','PPS 3',71,'2026-02-27 01:07:19','2026-02-27 01:07:19'),(212,'PPS Bumiharjo 1','PPS 1',72,'2026-02-27 01:07:20','2026-02-27 01:07:20'),(213,'PPS Bumiharjo 2','PPS 2',72,'2026-02-27 01:07:21','2026-02-27 01:07:21'),(214,'PPS Bumiharjo 3','PPS 3',72,'2026-02-27 01:07:21','2026-02-27 01:07:21'),(215,'PPS Karangharjo 1','PPS 1',73,'2026-02-27 01:07:21','2026-02-27 01:07:21'),(216,'PPS Karangharjo 2','PPS 2',73,'2026-02-27 01:07:22','2026-02-27 01:07:22'),(217,'PPS Karangharjo 3','PPS 3',73,'2026-02-27 01:07:22','2026-02-27 01:07:22'),(218,'PPS Margomulyo 1','PPS 1',74,'2026-02-27 01:07:22','2026-02-27 01:07:22'),(219,'PPS Margomulyo 2','PPS 2',74,'2026-02-27 01:07:23','2026-02-27 01:07:23'),(220,'PPS Margomulyo 3','PPS 3',74,'2026-02-27 01:07:23','2026-02-27 01:07:23'),(221,'PPS Sepanjang 1','PPS 1',75,'2026-02-27 01:07:23','2026-02-27 01:07:23'),(222,'PPS Sepanjang 2','PPS 2',75,'2026-02-27 01:07:23','2026-02-27 01:07:23'),(223,'PPS Sepanjang 3','PPS 3',75,'2026-02-27 01:07:24','2026-02-27 01:07:24'),(224,'PPS Sumbergondo 1','PPS 1',76,'2026-02-27 01:07:24','2026-02-27 01:07:24'),(225,'PPS Sumbergondo 2','PPS 2',76,'2026-02-27 01:07:24','2026-02-27 01:07:24'),(226,'PPS Sumbergondo 3','PPS 3',76,'2026-02-27 01:07:25','2026-02-27 01:07:25'),(227,'PPS Tegalharjo 1','PPS 1',77,'2026-02-27 01:07:25','2026-02-27 01:07:25'),(228,'PPS Tegalharjo 2','PPS 2',77,'2026-02-27 01:07:25','2026-02-27 01:07:25'),(229,'PPS Tegalharjo 3','PPS 3',77,'2026-02-27 01:07:26','2026-02-27 01:07:26'),(230,'PPS Tulungrejo 1','PPS 1',78,'2026-02-27 01:07:26','2026-02-27 01:07:26'),(231,'PPS Tulungrejo 2','PPS 2',78,'2026-02-27 01:07:26','2026-02-27 01:07:26'),(232,'PPS Tulungrejo 3','PPS 3',78,'2026-02-27 01:07:26','2026-02-27 01:07:26'),(233,'PPS Bareng 1','PPS 1',79,'2026-02-27 01:07:28','2026-02-27 01:07:28'),(234,'PPS Bareng 2','PPS 2',79,'2026-02-27 01:07:29','2026-02-27 01:07:29'),(235,'PPS Bareng 3','PPS 3',79,'2026-02-27 01:07:29','2026-02-27 01:07:29'),(236,'PPS Benelan Lor 1','PPS 1',80,'2026-02-27 01:07:29','2026-02-27 01:07:29'),(237,'PPS Benelan Lor 2','PPS 2',80,'2026-02-27 01:07:29','2026-02-27 01:07:29'),(238,'PPS Benelan Lor 3','PPS 3',80,'2026-02-27 01:07:30','2026-02-27 01:07:30'),(239,'PPS Bunder 1','PPS 1',81,'2026-02-27 01:07:30','2026-02-27 01:07:30'),(240,'PPS Bunder 2','PPS 2',81,'2026-02-27 01:07:30','2026-02-27 01:07:30'),(241,'PPS Bunder 3','PPS 3',81,'2026-02-27 01:07:31','2026-02-27 01:07:31'),(242,'PPS Dadapan 1','PPS 1',82,'2026-02-27 01:07:31','2026-02-27 01:07:31'),(243,'PPS Dadapan 2','PPS 2',82,'2026-02-27 01:07:31','2026-02-27 01:07:31'),(244,'PPS Dadapan 3','PPS 3',82,'2026-02-27 01:07:32','2026-02-27 01:07:32'),(245,'PPS Gombolirang 1','PPS 1',83,'2026-02-27 01:07:32','2026-02-27 01:07:32'),(246,'PPS Gombolirang 2','PPS 2',83,'2026-02-27 01:07:32','2026-02-27 01:07:32'),(247,'PPS Gombolirang 3','PPS 3',83,'2026-02-27 01:07:32','2026-02-27 01:07:32'),(248,'PPS Kabat 1','PPS 1',84,'2026-02-27 01:07:33','2026-02-27 01:07:33'),(249,'PPS Kabat 2','PPS 2',84,'2026-02-27 01:07:33','2026-02-27 01:07:33'),(250,'PPS Kabat 3','PPS 3',84,'2026-02-27 01:07:33','2026-02-27 01:07:33'),(251,'PPS Kalirejo 1','PPS 1',85,'2026-02-27 01:07:34','2026-02-27 01:07:34'),(252,'PPS Kalirejo 2','PPS 2',85,'2026-02-27 01:07:34','2026-02-27 01:07:34'),(253,'PPS Kalirejo 3','PPS 3',85,'2026-02-27 01:07:34','2026-02-27 01:07:34'),(254,'PPS Kedayunan 1','PPS 1',86,'2026-02-27 01:07:35','2026-02-27 01:07:35'),(255,'PPS Kedayunan 2','PPS 2',86,'2026-02-27 01:07:35','2026-02-27 01:07:35'),(256,'PPS Kedayunan 3','PPS 3',86,'2026-02-27 01:07:35','2026-02-27 01:07:35'),(257,'PPS Labanasem 1','PPS 1',87,'2026-02-27 01:07:35','2026-02-27 01:07:35'),(258,'PPS Labanasem 2','PPS 2',87,'2026-02-27 01:07:36','2026-02-27 01:07:36'),(259,'PPS Labanasem 3','PPS 3',87,'2026-02-27 01:07:36','2026-02-27 01:07:36'),(260,'PPS Macan Putih 1','PPS 1',88,'2026-02-27 01:07:36','2026-02-27 01:07:36'),(261,'PPS Macan Putih 2','PPS 2',88,'2026-02-27 01:07:37','2026-02-27 01:07:37'),(262,'PPS Macan Putih 3','PPS 3',88,'2026-02-27 01:07:37','2026-02-27 01:07:37'),(263,'PPS Pakistaji 1','PPS 1',89,'2026-02-27 01:07:37','2026-02-27 01:07:37'),(264,'PPS Pakistaji 2','PPS 2',89,'2026-02-27 01:07:38','2026-02-27 01:07:38'),(265,'PPS Pakistaji 3','PPS 3',89,'2026-02-27 01:07:38','2026-02-27 01:07:38'),(266,'PPS Pendarungan 1','PPS 1',90,'2026-02-27 01:07:38','2026-02-27 01:07:38'),(267,'PPS Pendarungan 2','PPS 2',90,'2026-02-27 01:07:38','2026-02-27 01:07:38'),(268,'PPS Pendarungan 3','PPS 3',90,'2026-02-27 01:07:39','2026-02-27 01:07:39'),(269,'PPS Pondoknongko 1','PPS 1',91,'2026-02-27 01:07:39','2026-02-27 01:07:39'),(270,'PPS Pondoknongko 2','PPS 2',91,'2026-02-27 01:07:39','2026-02-27 01:07:39'),(271,'PPS Pondoknongko 3','PPS 3',91,'2026-02-27 01:07:40','2026-02-27 01:07:40'),(272,'PPS Tambong 1','PPS 1',92,'2026-02-27 01:07:40','2026-02-27 01:07:40'),(273,'PPS Tambong 2','PPS 2',92,'2026-02-27 01:07:40','2026-02-27 01:07:40'),(274,'PPS Tambong 3','PPS 3',92,'2026-02-27 01:07:41','2026-02-27 01:07:41'),(275,'PPS Banyuanyar 1','PPS 1',93,'2026-02-27 01:07:42','2026-02-27 01:07:42'),(276,'PPS Banyuanyar 2','PPS 2',93,'2026-02-27 01:07:43','2026-02-27 01:07:43'),(277,'PPS Banyuanyar 3','PPS 3',93,'2026-02-27 01:07:43','2026-02-27 01:07:43'),(278,'PPS Kajarharjo 1','PPS 1',94,'2026-02-27 01:07:43','2026-02-27 01:07:43'),(279,'PPS Kajarharjo 2','PPS 2',94,'2026-02-27 01:07:44','2026-02-27 01:07:44'),(280,'PPS Kajarharjo 3','PPS 3',94,'2026-02-27 01:07:44','2026-02-27 01:07:44'),(281,'PPS Kalibarukulon 1','PPS 1',95,'2026-02-27 01:07:44','2026-02-27 01:07:44'),(282,'PPS Kalibarukulon 2','PPS 2',95,'2026-02-27 01:07:44','2026-02-27 01:07:44'),(283,'PPS Kalibarukulon 3','PPS 3',95,'2026-02-27 01:07:45','2026-02-27 01:07:45'),(284,'PPS Kalibarumanis 1','PPS 1',96,'2026-02-27 01:07:45','2026-02-27 01:07:45'),(285,'PPS Kalibarumanis 2','PPS 2',96,'2026-02-27 01:07:45','2026-02-27 01:07:45'),(286,'PPS Kalibarumanis 3','PPS 3',96,'2026-02-27 01:07:46','2026-02-27 01:07:46'),(287,'PPS Kalibaruwetan 1','PPS 1',97,'2026-02-27 01:07:46','2026-02-27 01:07:46'),(288,'PPS Kalibaruwetan 2','PPS 2',97,'2026-02-27 01:07:46','2026-02-27 01:07:46'),(289,'PPS Kalibaruwetan 3','PPS 3',97,'2026-02-27 01:07:46','2026-02-27 01:07:46'),(290,'PPS Kebonrejo 1','PPS 1',98,'2026-02-27 01:07:47','2026-02-27 01:07:47'),(291,'PPS Kebonrejo 2','PPS 2',98,'2026-02-27 01:07:47','2026-02-27 01:07:47'),(292,'PPS Kebonrejo 3','PPS 3',98,'2026-02-27 01:07:47','2026-02-27 01:07:47'),(293,'PPS Bulusan 1','PPS 1',99,'2026-02-27 01:07:49','2026-02-27 01:07:49'),(294,'PPS Bulusan 2','PPS 2',99,'2026-02-27 01:07:49','2026-02-27 01:07:49'),(295,'PPS Bulusan 3','PPS 3',99,'2026-02-27 01:07:50','2026-02-27 01:07:50'),(296,'PPS Bulusari 1','PPS 1',100,'2026-02-27 01:07:50','2026-02-27 01:07:50'),(297,'PPS Bulusari 2','PPS 2',100,'2026-02-27 01:07:50','2026-02-27 01:07:50'),(298,'PPS Bulusari 3','PPS 3',100,'2026-02-27 01:07:51','2026-02-27 01:07:51'),(299,'PPS Gombengsari 1','PPS 1',101,'2026-02-27 01:07:51','2026-02-27 01:07:51'),(300,'PPS Gombengsari 2','PPS 2',101,'2026-02-27 01:07:51','2026-02-27 01:07:51'),(301,'PPS Gombengsari 3','PPS 3',101,'2026-02-27 01:07:51','2026-02-27 01:07:51'),(302,'PPS Kalipuro 1','PPS 1',102,'2026-02-27 01:07:52','2026-02-27 01:07:52'),(303,'PPS Kalipuro 2','PPS 2',102,'2026-02-27 01:07:52','2026-02-27 01:07:52'),(304,'PPS Kalipuro 3','PPS 3',102,'2026-02-27 01:07:52','2026-02-27 01:07:52'),(305,'PPS Kelir 1','PPS 1',103,'2026-02-27 01:07:53','2026-02-27 01:07:53'),(306,'PPS Kelir 2','PPS 2',103,'2026-02-27 01:07:53','2026-02-27 01:07:53'),(307,'PPS Kelir 3','PPS 3',103,'2026-02-27 01:07:53','2026-02-27 01:07:53'),(308,'PPS Ketapang 1','PPS 1',104,'2026-02-27 01:07:54','2026-02-27 01:07:54'),(309,'PPS Ketapang 2','PPS 2',104,'2026-02-27 01:07:54','2026-02-27 01:07:54'),(310,'PPS Ketapang 3','PPS 3',104,'2026-02-27 01:07:54','2026-02-27 01:07:54'),(311,'PPS Klatak 1','PPS 1',105,'2026-02-27 01:07:55','2026-02-27 01:07:55'),(312,'PPS Klatak 2','PPS 2',105,'2026-02-27 01:07:55','2026-02-27 01:07:55'),(313,'PPS Klatak 3','PPS 3',105,'2026-02-27 01:07:55','2026-02-27 01:07:55'),(314,'PPS Pesucen 1','PPS 1',106,'2026-02-27 01:07:55','2026-02-27 01:07:55'),(315,'PPS Pesucen 2','PPS 2',106,'2026-02-27 01:07:56','2026-02-27 01:07:56'),(316,'PPS Pesucen 3','PPS 3',106,'2026-02-27 01:07:56','2026-02-27 01:07:56'),(317,'PPS Telemung 1','PPS 1',107,'2026-02-27 01:07:56','2026-02-27 01:07:56'),(318,'PPS Telemung 2','PPS 2',107,'2026-02-27 01:07:57','2026-02-27 01:07:57'),(319,'PPS Telemung 3','PPS 3',107,'2026-02-27 01:07:57','2026-02-27 01:07:57'),(320,'PPS Banjar 1','PPS 1',108,'2026-02-27 01:07:59','2026-02-27 01:07:59'),(321,'PPS Banjar 2','PPS 2',108,'2026-02-27 01:07:59','2026-02-27 01:07:59'),(322,'PPS Banjar 3','PPS 3',108,'2026-02-27 01:07:59','2026-02-27 01:07:59'),(323,'PPS Gumuk 1','PPS 1',109,'2026-02-27 01:08:00','2026-02-27 01:08:00'),(324,'PPS Gumuk 2','PPS 2',109,'2026-02-27 01:08:00','2026-02-27 01:08:00'),(325,'PPS Gumuk 3','PPS 3',109,'2026-02-27 01:08:00','2026-02-27 01:08:00'),(326,'PPS Jelun 1','PPS 1',110,'2026-02-27 01:08:01','2026-02-27 01:08:01'),(327,'PPS Jelun 2','PPS 2',110,'2026-02-27 01:08:01','2026-02-27 01:08:01'),(328,'PPS Jelun 3','PPS 3',110,'2026-02-27 01:08:01','2026-02-27 01:08:01'),(329,'PPS Kluncing 1','PPS 1',111,'2026-02-27 01:08:02','2026-02-27 01:08:02'),(330,'PPS Kluncing 2','PPS 2',111,'2026-02-27 01:08:02','2026-02-27 01:08:02'),(331,'PPS Kluncing 3','PPS 3',111,'2026-02-27 01:08:02','2026-02-27 01:08:02'),(332,'PPS Licin 1','PPS 1',112,'2026-02-27 01:08:02','2026-02-27 01:08:02'),(333,'PPS Licin 2','PPS 2',112,'2026-02-27 01:08:03','2026-02-27 01:08:03'),(334,'PPS Licin 3','PPS 3',112,'2026-02-27 01:08:03','2026-02-27 01:08:03'),(335,'PPS Pakel 1','PPS 1',113,'2026-02-27 01:08:03','2026-02-27 01:08:03'),(336,'PPS Pakel 2','PPS 2',113,'2026-02-27 01:08:04','2026-02-27 01:08:04'),(337,'PPS Pakel 3','PPS 3',113,'2026-02-27 01:08:04','2026-02-27 01:08:04'),(338,'PPS Segobang 1','PPS 1',114,'2026-02-27 01:08:04','2026-02-27 01:08:04'),(339,'PPS Segobang 2','PPS 2',114,'2026-02-27 01:08:05','2026-02-27 01:08:05'),(340,'PPS Segobang 3','PPS 3',114,'2026-02-27 01:08:05','2026-02-27 01:08:05'),(341,'PPS Tamansari 1','PPS 1',115,'2026-02-27 01:08:05','2026-02-27 01:08:05'),(342,'PPS Tamansari 2','PPS 2',115,'2026-02-27 01:08:06','2026-02-27 01:08:06'),(343,'PPS Tamansari 3','PPS 3',115,'2026-02-27 01:08:06','2026-02-27 01:08:06'),(344,'PPS Blambangan 1','PPS 1',116,'2026-02-27 01:08:08','2026-02-27 01:08:08'),(345,'PPS Blambangan 2','PPS 2',116,'2026-02-27 01:08:08','2026-02-27 01:08:08'),(346,'PPS Blambangan 3','PPS 3',116,'2026-02-27 01:08:08','2026-02-27 01:08:08'),(347,'PPS Kedungrejo 1','PPS 1',117,'2026-02-27 01:08:09','2026-02-27 01:08:09'),(348,'PPS Kedungrejo 2','PPS 2',117,'2026-02-27 01:08:09','2026-02-27 01:08:09'),(349,'PPS Kedungrejo 3','PPS 3',117,'2026-02-27 01:08:09','2026-02-27 01:08:09'),(350,'PPS Kedungringin 1','PPS 1',118,'2026-02-27 01:08:10','2026-02-27 01:08:10'),(351,'PPS Kedungringin 2','PPS 2',118,'2026-02-27 01:08:10','2026-02-27 01:08:10'),(352,'PPS Kedungringin 3','PPS 3',118,'2026-02-27 01:08:10','2026-02-27 01:08:10'),(353,'PPS Kumendung 1','PPS 1',119,'2026-02-27 01:08:11','2026-02-27 01:08:11'),(354,'PPS Kumendung 2','PPS 2',119,'2026-02-27 01:08:11','2026-02-27 01:08:11'),(355,'PPS Kumendung 3','PPS 3',119,'2026-02-27 01:08:11','2026-02-27 01:08:11'),(356,'PPS Sumber Beras 1','PPS 1',120,'2026-02-27 01:08:11','2026-02-27 01:08:11'),(357,'PPS Sumber Beras 2','PPS 2',120,'2026-02-27 01:08:12','2026-02-27 01:08:12'),(358,'PPS Sumber Beras 3','PPS 3',120,'2026-02-27 01:08:12','2026-02-27 01:08:12'),(359,'PPS Sumbersewu 1','PPS 1',121,'2026-02-27 01:08:12','2026-02-27 01:08:12'),(360,'PPS Sumbersewu 2','PPS 2',121,'2026-02-27 01:08:13','2026-02-27 01:08:13'),(361,'PPS Sumbersewu 3','PPS 3',121,'2026-02-27 01:08:13','2026-02-27 01:08:13'),(362,'PPS Tambakrejo 1','PPS 1',122,'2026-02-27 01:08:13','2026-02-27 01:08:13'),(363,'PPS Tambakrejo 2','PPS 2',122,'2026-02-27 01:08:14','2026-02-27 01:08:14'),(364,'PPS Tambakrejo 3','PPS 3',122,'2026-02-27 01:08:14','2026-02-27 01:08:14'),(365,'PPS Tapanrejo 1','PPS 1',123,'2026-02-27 01:08:14','2026-02-27 01:08:14'),(366,'PPS Tapanrejo 2','PPS 2',123,'2026-02-27 01:08:14','2026-02-27 01:08:14'),(367,'PPS Tapanrejo 3','PPS 3',123,'2026-02-27 01:08:15','2026-02-27 01:08:15'),(368,'PPS Tembokrejo 1','PPS 1',124,'2026-02-27 01:08:15','2026-02-27 01:08:15'),(369,'PPS Tembokrejo 2','PPS 2',124,'2026-02-27 01:08:15','2026-02-27 01:08:15'),(370,'PPS Tembokrejo 3','PPS 3',124,'2026-02-27 01:08:16','2026-02-27 01:08:16'),(371,'PPS Wringinputih 1','PPS 1',125,'2026-02-27 01:08:16','2026-02-27 01:08:16'),(372,'PPS Wringinputih 2','PPS 2',125,'2026-02-27 01:08:16','2026-02-27 01:08:16'),(373,'PPS Wringinputih 3','PPS 3',125,'2026-02-27 01:08:17','2026-02-27 01:08:17'),(374,'PPS Kandangan 1','PPS 1',126,'2026-02-27 01:08:18','2026-02-27 01:08:18'),(375,'PPS Kandangan 2','PPS 2',126,'2026-02-27 01:08:19','2026-02-27 01:08:19'),(376,'PPS Kandangan 3','PPS 3',126,'2026-02-27 01:08:19','2026-02-27 01:08:19'),(377,'PPS Pesanggaran 1','PPS 1',127,'2026-02-27 01:08:20','2026-02-27 01:08:20'),(378,'PPS Pesanggaran 2','PPS 2',127,'2026-02-27 01:08:20','2026-02-27 01:08:20'),(379,'PPS Pesanggaran 3','PPS 3',127,'2026-02-27 01:08:20','2026-02-27 01:08:20'),(380,'PPS Sarongan 1','PPS 1',128,'2026-02-27 01:08:21','2026-02-27 01:08:21'),(381,'PPS Sarongan 2','PPS 2',128,'2026-02-27 01:08:21','2026-02-27 01:08:21'),(382,'PPS Sarongan 3','PPS 3',128,'2026-02-27 01:08:21','2026-02-27 01:08:21'),(383,'PPS Sumberagung 1','PPS 1',129,'2026-02-27 01:08:22','2026-02-27 01:08:22'),(384,'PPS Sumberagung 2','PPS 2',129,'2026-02-27 01:08:22','2026-02-27 01:08:22'),(385,'PPS Sumberagung 3','PPS 3',129,'2026-02-27 01:08:22','2026-02-27 01:08:22'),(386,'PPS Sumbermulyo 1','PPS 1',130,'2026-02-27 01:08:23','2026-02-27 01:08:23'),(387,'PPS Sumbermulyo 2','PPS 2',130,'2026-02-27 01:08:23','2026-02-27 01:08:23'),(388,'PPS Sumbermulyo 3','PPS 3',130,'2026-02-27 01:08:23','2026-02-27 01:08:23'),(389,'PPS Bulurejo 1','PPS 1',131,'2026-02-27 01:08:25','2026-02-27 01:08:25'),(390,'PPS Bulurejo 2','PPS 2',131,'2026-02-27 01:08:26','2026-02-27 01:08:26'),(391,'PPS Bulurejo 3','PPS 3',131,'2026-02-27 01:08:26','2026-02-27 01:08:26'),(392,'PPS Glagahagung 1','PPS 1',132,'2026-02-27 01:08:26','2026-02-27 01:08:26'),(393,'PPS Glagahagung 2','PPS 2',132,'2026-02-27 01:08:26','2026-02-27 01:08:26'),(394,'PPS Glagahagung 3','PPS 3',132,'2026-02-27 01:08:27','2026-02-27 01:08:27'),(395,'PPS Grajagan 1','PPS 1',133,'2026-02-27 01:08:27','2026-02-27 01:08:27'),(396,'PPS Grajagan 2','PPS 2',133,'2026-02-27 01:08:27','2026-02-27 01:08:27'),(397,'PPS Grajagan 3','PPS 3',133,'2026-02-27 01:08:28','2026-02-27 01:08:28'),(398,'PPS Karetan 1','PPS 1',134,'2026-02-27 01:08:28','2026-02-27 01:08:28'),(399,'PPS Karetan 2','PPS 2',134,'2026-02-27 01:08:28','2026-02-27 01:08:28'),(400,'PPS Karetan 3','PPS 3',134,'2026-02-27 01:08:29','2026-02-27 01:08:29'),(401,'PPS Kradenan 1','PPS 1',135,'2026-02-27 01:08:29','2026-02-27 01:08:29'),(402,'PPS Kradenan 2','PPS 2',135,'2026-02-27 01:08:29','2026-02-27 01:08:29'),(403,'PPS Kradenan 3','PPS 3',135,'2026-02-27 01:08:30','2026-02-27 01:08:30'),(404,'PPS Purwoharjo 1','PPS 1',136,'2026-02-27 01:08:30','2026-02-27 01:08:30'),(405,'PPS Purwoharjo 2','PPS 2',136,'2026-02-27 01:08:30','2026-02-27 01:08:30'),(406,'PPS Purwoharjo 3','PPS 3',136,'2026-02-27 01:08:31','2026-02-27 01:08:31'),(407,'PPS Sidorejo 1','PPS 1',137,'2026-02-27 01:08:31','2026-02-27 01:08:31'),(408,'PPS Sidorejo 2','PPS 2',137,'2026-02-27 01:08:31','2026-02-27 01:08:31'),(409,'PPS Sidorejo 3','PPS 3',137,'2026-02-27 01:08:32','2026-02-27 01:08:32'),(410,'PPS Sumberasri 1','PPS 1',138,'2026-02-27 01:08:32','2026-02-27 01:08:32'),(411,'PPS Sumberasri 2','PPS 2',138,'2026-02-27 01:08:32','2026-02-27 01:08:32'),(412,'PPS Sumberasri 3','PPS 3',138,'2026-02-27 01:08:33','2026-02-27 01:08:33'),(413,'PPS Aliyan 1','PPS 1',139,'2026-02-27 01:08:35','2026-02-27 01:08:35'),(414,'PPS Aliyan 2','PPS 2',139,'2026-02-27 01:08:35','2026-02-27 01:08:35'),(415,'PPS Aliyan 3','PPS 3',139,'2026-02-27 01:08:35','2026-02-27 01:08:35'),(416,'PPS Bubuk 1','PPS 1',140,'2026-02-27 01:08:36','2026-02-27 01:08:36'),(417,'PPS Bubuk 2','PPS 2',140,'2026-02-27 01:08:36','2026-02-27 01:08:36'),(418,'PPS Bubuk 3','PPS 3',140,'2026-02-27 01:08:36','2026-02-27 01:08:36'),(419,'PPS Gitik 1','PPS 1',141,'2026-02-27 01:08:37','2026-02-27 01:08:37'),(420,'PPS Gitik 2','PPS 2',141,'2026-02-27 01:08:37','2026-02-27 01:08:37'),(421,'PPS Gitik 3','PPS 3',141,'2026-02-27 01:08:37','2026-02-27 01:08:37'),(422,'PPS Gladag 1','PPS 1',142,'2026-02-27 01:08:38','2026-02-27 01:08:38'),(423,'PPS Gladag 2','PPS 2',142,'2026-02-27 01:08:38','2026-02-27 01:08:38'),(424,'PPS Gladag 3','PPS 3',142,'2026-02-27 01:08:39','2026-02-27 01:08:39'),(425,'PPS Karangbendo 1','PPS 1',143,'2026-02-27 01:08:39','2026-02-27 01:08:39'),(426,'PPS Karangbendo 2','PPS 2',143,'2026-02-27 01:08:39','2026-02-27 01:08:39'),(427,'PPS Karangbendo 3','PPS 3',143,'2026-02-27 01:08:39','2026-02-27 01:08:39'),(428,'PPS Kedaleman 1','PPS 1',144,'2026-02-27 01:08:40','2026-02-27 01:08:40'),(429,'PPS Kedaleman 2','PPS 2',144,'2026-02-27 01:08:40','2026-02-27 01:08:40'),(430,'PPS Kedaleman 3','PPS 3',144,'2026-02-27 01:08:40','2026-02-27 01:08:40'),(431,'PPS Lemahbangdewo 1','PPS 1',145,'2026-02-27 01:08:41','2026-02-27 01:08:41'),(432,'PPS Lemahbangdewo 2','PPS 2',145,'2026-02-27 01:08:41','2026-02-27 01:08:41'),(433,'PPS Lemahbangdewo 3','PPS 3',145,'2026-02-27 01:08:41','2026-02-27 01:08:41'),(434,'PPS Mangir 1','PPS 1',146,'2026-02-27 01:08:42','2026-02-27 01:08:42'),(435,'PPS Mangir 2','PPS 2',146,'2026-02-27 01:08:42','2026-02-27 01:08:42'),(436,'PPS Mangir 3','PPS 3',146,'2026-02-27 01:08:42','2026-02-27 01:08:42'),(437,'PPS Pengatigan 1','PPS 1',147,'2026-02-27 01:08:43','2026-02-27 01:08:43'),(438,'PPS Pengatigan 2','PPS 2',147,'2026-02-27 01:08:43','2026-02-27 01:08:43'),(439,'PPS Pengatigan 3','PPS 3',147,'2026-02-27 01:08:43','2026-02-27 01:08:43'),(440,'PPS Rogojampi 1','PPS 1',148,'2026-02-27 01:08:44','2026-02-27 01:08:44'),(441,'PPS Rogojampi 2','PPS 2',148,'2026-02-27 01:08:44','2026-02-27 01:08:44'),(442,'PPS Rogojampi 3','PPS 3',148,'2026-02-27 01:08:44','2026-02-27 01:08:44'),(443,'PPS Gendoh 1','PPS 1',149,'2026-02-27 01:08:46','2026-02-27 01:08:46'),(444,'PPS Gendoh 2','PPS 2',149,'2026-02-27 01:08:47','2026-02-27 01:08:47'),(445,'PPS Gendoh 3','PPS 3',149,'2026-02-27 01:08:47','2026-02-27 01:08:47'),(446,'PPS Jambewangi 1','PPS 1',150,'2026-02-27 01:08:47','2026-02-27 01:08:47'),(447,'PPS Jambewangi 2','PPS 2',150,'2026-02-27 01:08:48','2026-02-27 01:08:48'),(448,'PPS Jambewangi 3','PPS 3',150,'2026-02-27 01:08:48','2026-02-27 01:08:48'),(449,'PPS Karangsari 1','PPS 1',151,'2026-02-27 01:08:48','2026-02-27 01:08:48'),(450,'PPS Karangsari 2','PPS 2',151,'2026-02-27 01:08:49','2026-02-27 01:08:49'),(451,'PPS Karangsari 3','PPS 3',151,'2026-02-27 01:08:49','2026-02-27 01:08:49'),(452,'PPS Sempu 1','PPS 1',152,'2026-02-27 01:08:49','2026-02-27 01:08:49'),(453,'PPS Sempu 2','PPS 2',152,'2026-02-27 01:08:50','2026-02-27 01:08:50'),(454,'PPS Sempu 3','PPS 3',152,'2026-02-27 01:08:50','2026-02-27 01:08:50'),(455,'PPS Tegalarum 1','PPS 1',153,'2026-02-27 01:08:50','2026-02-27 01:08:50'),(456,'PPS Tegalarum 2','PPS 2',153,'2026-02-27 01:08:51','2026-02-27 01:08:51'),(457,'PPS Tegalarum 3','PPS 3',153,'2026-02-27 01:08:51','2026-02-27 01:08:51'),(458,'PPS Temuasri 1','PPS 1',154,'2026-02-27 01:08:51','2026-02-27 01:08:51'),(459,'PPS Temuasri 2','PPS 2',154,'2026-02-27 01:08:52','2026-02-27 01:08:52'),(460,'PPS Temuasri 3','PPS 3',154,'2026-02-27 01:08:52','2026-02-27 01:08:52'),(461,'PPS Temuguruh 1','PPS 1',155,'2026-02-27 01:08:52','2026-02-27 01:08:52'),(462,'PPS Temuguruh 2','PPS 2',155,'2026-02-27 01:08:53','2026-02-27 01:08:53'),(463,'PPS Temuguruh 3','PPS 3',155,'2026-02-27 01:08:53','2026-02-27 01:08:53'),(464,'PPS Barurejo 1','PPS 1',156,'2026-02-27 01:08:55','2026-02-27 01:08:55'),(465,'PPS Barurejo 2','PPS 2',156,'2026-02-27 01:08:55','2026-02-27 01:08:55'),(466,'PPS Barurejo 3','PPS 3',156,'2026-02-27 01:08:56','2026-02-27 01:08:56'),(467,'PPS Buluagung 1','PPS 1',157,'2026-02-27 01:08:56','2026-02-27 01:08:56'),(468,'PPS Buluagung 2','PPS 2',157,'2026-02-27 01:08:56','2026-02-27 01:08:56'),(469,'PPS Buluagung 3','PPS 3',157,'2026-02-27 01:08:57','2026-02-27 01:08:57'),(470,'PPS Kesilir 1','PPS 1',158,'2026-02-27 01:08:57','2026-02-27 01:08:57'),(471,'PPS Kesilir 2','PPS 2',158,'2026-02-27 01:08:57','2026-02-27 01:08:57'),(472,'PPS Kesilir 3','PPS 3',158,'2026-02-27 01:08:58','2026-02-27 01:08:58'),(473,'PPS Seneporejo 1','PPS 1',159,'2026-02-27 01:08:58','2026-02-27 01:08:58'),(474,'PPS Seneporejo 2','PPS 2',159,'2026-02-27 01:08:58','2026-02-27 01:08:58'),(475,'PPS Seneporejo 3','PPS 3',159,'2026-02-27 01:08:58','2026-02-27 01:08:58'),(476,'PPS Siliragung 1','PPS 1',160,'2026-02-27 01:08:59','2026-02-27 01:08:59'),(477,'PPS Siliragung 2','PPS 2',160,'2026-02-27 01:08:59','2026-02-27 01:08:59'),(478,'PPS Siliragung 3','PPS 3',160,'2026-02-27 01:08:59','2026-02-27 01:08:59'),(479,'PPS Alasmalang 1','PPS 1',161,'2026-02-27 01:09:01','2026-02-27 01:09:01'),(480,'PPS Alasmalang 2','PPS 2',161,'2026-02-27 01:09:02','2026-02-27 01:09:02'),(481,'PPS Alasmalang 3','PPS 3',161,'2026-02-27 01:09:02','2026-02-27 01:09:02'),(482,'PPS Benelan Kidul 1','PPS 1',162,'2026-02-27 01:09:02','2026-02-27 01:09:02'),(483,'PPS Benelan Kidul 2','PPS 2',162,'2026-02-27 01:09:03','2026-02-27 01:09:03'),(484,'PPS Benelan Kidul 3','PPS 3',162,'2026-02-27 01:09:03','2026-02-27 01:09:03'),(485,'PPS Cantuk 1','PPS 1',163,'2026-02-27 01:09:03','2026-02-27 01:09:03'),(486,'PPS Cantuk 2','PPS 2',163,'2026-02-27 01:09:04','2026-02-27 01:09:04'),(487,'PPS Cantuk 3','PPS 3',163,'2026-02-27 01:09:04','2026-02-27 01:09:04'),(488,'PPS Gambor 1','PPS 1',164,'2026-02-27 01:09:04','2026-02-27 01:09:04'),(489,'PPS Gambor 2','PPS 2',164,'2026-02-27 01:09:05','2026-02-27 01:09:05'),(490,'PPS Gambor 3','PPS 3',164,'2026-02-27 01:09:05','2026-02-27 01:09:05'),(491,'PPS Gumirih 1','PPS 1',165,'2026-02-27 01:09:05','2026-02-27 01:09:05'),(492,'PPS Gumirih 2','PPS 2',165,'2026-02-27 01:09:06','2026-02-27 01:09:06'),(493,'PPS Gumirih 3','PPS 3',165,'2026-02-27 01:09:06','2026-02-27 01:09:06'),(494,'PPS Kemiri 1','PPS 1',166,'2026-02-27 01:09:06','2026-02-27 01:09:06'),(495,'PPS Kemiri 2','PPS 2',166,'2026-02-27 01:09:07','2026-02-27 01:09:07'),(496,'PPS Kemiri 3','PPS 3',166,'2026-02-27 01:09:07','2026-02-27 01:09:07'),(497,'PPS Lemahbangkulon 1','PPS 1',167,'2026-02-27 01:09:07','2026-02-27 01:09:07'),(498,'PPS Lemahbangkulon 2','PPS 2',167,'2026-02-27 01:09:08','2026-02-27 01:09:08'),(499,'PPS Lemahbangkulon 3','PPS 3',167,'2026-02-27 01:09:08','2026-02-27 01:09:08'),(500,'PPS Padang 1','PPS 1',168,'2026-02-27 01:09:08','2026-02-27 01:09:08'),(501,'PPS Padang 2','PPS 2',168,'2026-02-27 01:09:09','2026-02-27 01:09:09'),(502,'PPS Padang 3','PPS 3',168,'2026-02-27 01:09:09','2026-02-27 01:09:09'),(503,'PPS Singojuruh 1','PPS 1',169,'2026-02-27 01:09:09','2026-02-27 01:09:09'),(504,'PPS Singojuruh 2','PPS 2',169,'2026-02-27 01:09:10','2026-02-27 01:09:10'),(505,'PPS Singojuruh 3','PPS 3',169,'2026-02-27 01:09:10','2026-02-27 01:09:10'),(506,'PPS Singolatren 1','PPS 1',170,'2026-02-27 01:09:10','2026-02-27 01:09:10'),(507,'PPS Singolatren 2','PPS 2',170,'2026-02-27 01:09:11','2026-02-27 01:09:11'),(508,'PPS Singolatren 3','PPS 3',170,'2026-02-27 01:09:11','2026-02-27 01:09:11'),(509,'PPS Sumberbaru 1','PPS 1',171,'2026-02-27 01:09:11','2026-02-27 01:09:11'),(510,'PPS Sumberbaru 2','PPS 2',171,'2026-02-27 01:09:12','2026-02-27 01:09:12'),(511,'PPS Sumberbaru 3','PPS 3',171,'2026-02-27 01:09:12','2026-02-27 01:09:12'),(512,'PPS Balak 1','PPS 1',172,'2026-02-27 01:09:14','2026-02-27 01:09:14'),(513,'PPS Balak 2','PPS 2',172,'2026-02-27 01:09:14','2026-02-27 01:09:14'),(514,'PPS Balak 3','PPS 3',172,'2026-02-27 01:09:15','2026-02-27 01:09:15'),(515,'PPS Bangunsari 1','PPS 1',173,'2026-02-27 01:09:15','2026-02-27 01:09:15'),(516,'PPS Bangunsari 2','PPS 2',173,'2026-02-27 01:09:15','2026-02-27 01:09:15'),(517,'PPS Bangunsari 3','PPS 3',173,'2026-02-27 01:09:16','2026-02-27 01:09:16'),(518,'PPS Bayu 1','PPS 1',174,'2026-02-27 01:09:16','2026-02-27 01:09:16'),(519,'PPS Bayu 2','PPS 2',174,'2026-02-27 01:09:16','2026-02-27 01:09:16'),(520,'PPS Bayu 3','PPS 3',174,'2026-02-27 01:09:17','2026-02-27 01:09:17'),(521,'PPS Bedewang 1','PPS 1',175,'2026-02-27 01:09:17','2026-02-27 01:09:17'),(522,'PPS Bedewang 2','PPS 2',175,'2026-02-27 01:09:17','2026-02-27 01:09:17'),(523,'PPS Bedewang 3','PPS 3',175,'2026-02-27 01:09:18','2026-02-27 01:09:18'),(524,'PPS Parangharjo 1','PPS 1',176,'2026-02-27 01:09:18','2026-02-27 01:09:18'),(525,'PPS Parangharjo 2','PPS 2',176,'2026-02-27 01:09:18','2026-02-27 01:09:18'),(526,'PPS Parangharjo 3','PPS 3',176,'2026-02-27 01:09:19','2026-02-27 01:09:19'),(527,'PPS Songgon 1','PPS 1',177,'2026-02-27 01:09:19','2026-02-27 01:09:19'),(528,'PPS Songgon 2','PPS 2',177,'2026-02-27 01:09:19','2026-02-27 01:09:19'),(529,'PPS Songgon 3','PPS 3',177,'2026-02-27 01:09:19','2026-02-27 01:09:19'),(530,'PPS Sragi 1','PPS 1',178,'2026-02-27 01:09:20','2026-02-27 01:09:20'),(531,'PPS Sragi 2','PPS 2',178,'2026-02-27 01:09:20','2026-02-27 01:09:20'),(532,'PPS Sragi 3','PPS 3',178,'2026-02-27 01:09:20','2026-02-27 01:09:20'),(533,'PPS Sumberarum 1','PPS 1',179,'2026-02-27 01:09:21','2026-02-27 01:09:21'),(534,'PPS Sumberarum 2','PPS 2',179,'2026-02-27 01:09:21','2026-02-27 01:09:21'),(535,'PPS Sumberarum 3','PPS 3',179,'2026-02-27 01:09:22','2026-02-27 01:09:22'),(536,'PPS Sumberbulu 1','PPS 1',180,'2026-02-27 01:09:22','2026-02-27 01:09:22'),(537,'PPS Sumberbulu 2','PPS 2',180,'2026-02-27 01:09:22','2026-02-27 01:09:22'),(538,'PPS Sumberbulu 3','PPS 3',180,'2026-02-27 01:09:22','2026-02-27 01:09:22'),(539,'PPS Bagorejo 1','PPS 1',181,'2026-02-27 01:09:24','2026-02-27 01:09:24'),(540,'PPS Bagorejo 2','PPS 2',181,'2026-02-27 01:09:24','2026-02-27 01:09:24'),(541,'PPS Bagorejo 3','PPS 3',181,'2026-02-27 01:09:25','2026-02-27 01:09:25'),(542,'PPS Kebaman 1','PPS 1',182,'2026-02-27 01:09:25','2026-02-27 01:09:25'),(543,'PPS Kebaman 2','PPS 2',182,'2026-02-27 01:09:25','2026-02-27 01:09:25'),(544,'PPS Kebaman 3','PPS 3',182,'2026-02-27 01:09:26','2026-02-27 01:09:26'),(545,'PPS Kepundungan 1','PPS 1',183,'2026-02-27 01:09:26','2026-02-27 01:09:26'),(546,'PPS Kepundungan 2','PPS 2',183,'2026-02-27 01:09:26','2026-02-27 01:09:26'),(547,'PPS Kepundungan 3','PPS 3',183,'2026-02-27 01:09:26','2026-02-27 01:09:26'),(548,'PPS Parijatah Kulon 1','PPS 1',184,'2026-02-27 01:09:27','2026-02-27 01:09:27'),(549,'PPS Parijatah Kulon 2','PPS 2',184,'2026-02-27 01:09:27','2026-02-27 01:09:27'),(550,'PPS Parijatah Kulon 3','PPS 3',184,'2026-02-27 01:09:27','2026-02-27 01:09:27'),(551,'PPS Parijatah Wetan 1','PPS 1',185,'2026-02-27 01:09:28','2026-02-27 01:09:28'),(552,'PPS Parijatah Wetan 2','PPS 2',185,'2026-02-27 01:09:28','2026-02-27 01:09:28'),(553,'PPS Parijatah Wetan 3','PPS 3',185,'2026-02-27 01:09:28','2026-02-27 01:09:28'),(554,'PPS Rejoagung 1','PPS 1',186,'2026-02-27 01:09:29','2026-02-27 01:09:29'),(555,'PPS Rejoagung 2','PPS 2',186,'2026-02-27 01:09:29','2026-02-27 01:09:29'),(556,'PPS Rejoagung 3','PPS 3',186,'2026-02-27 01:09:29','2026-02-27 01:09:29'),(557,'PPS Sukomaju 1','PPS 1',187,'2026-02-27 01:09:30','2026-02-27 01:09:30'),(558,'PPS Sukomaju 2','PPS 2',187,'2026-02-27 01:09:30','2026-02-27 01:09:30'),(559,'PPS Sukomaju 3','PPS 3',187,'2026-02-27 01:09:30','2026-02-27 01:09:30'),(560,'PPS Sukonatar 1','PPS 1',188,'2026-02-27 01:09:30','2026-02-27 01:09:30'),(561,'PPS Sukonatar 2','PPS 2',188,'2026-02-27 01:09:31','2026-02-27 01:09:31'),(562,'PPS Sukonatar 3','PPS 3',188,'2026-02-27 01:09:31','2026-02-27 01:09:31'),(563,'PPS Sumbersari 1','PPS 1',189,'2026-02-27 01:09:31','2026-02-27 01:09:31'),(564,'PPS Sumbersari 2','PPS 2',189,'2026-02-27 01:09:32','2026-02-27 01:09:32'),(565,'PPS Sumbersari 3','PPS 3',189,'2026-02-27 01:09:32','2026-02-27 01:09:32'),(566,'PPS Wonosobo 1','PPS 1',190,'2026-02-27 01:09:32','2026-02-27 01:09:32'),(567,'PPS Wonosobo 2','PPS 2',190,'2026-02-27 01:09:33','2026-02-27 01:09:33'),(568,'PPS Wonosobo 3','PPS 3',190,'2026-02-27 01:09:33','2026-02-27 01:09:33'),(569,'PPS Kalipait 1','PPS 1',191,'2026-02-27 01:09:35','2026-02-27 01:09:35'),(570,'PPS Kalipait 2','PPS 2',191,'2026-02-27 01:09:35','2026-02-27 01:09:35'),(571,'PPS Kalipait 3','PPS 3',191,'2026-02-27 01:09:35','2026-02-27 01:09:35'),(572,'PPS Kedungasri 1','PPS 1',192,'2026-02-27 01:09:36','2026-02-27 01:09:36'),(573,'PPS Kedungasri 2','PPS 2',192,'2026-02-27 01:09:36','2026-02-27 01:09:36'),(574,'PPS Kedungasri 3','PPS 3',192,'2026-02-27 01:09:36','2026-02-27 01:09:36'),(575,'PPS Kedunggebang 1','PPS 1',193,'2026-02-27 01:09:36','2026-02-27 01:09:36'),(576,'PPS Kedunggebang 2','PPS 2',193,'2026-02-27 01:09:37','2026-02-27 01:09:37'),(577,'PPS Kedunggebang 3','PPS 3',193,'2026-02-27 01:09:37','2026-02-27 01:09:37'),(578,'PPS Kedungwungu 1','PPS 1',194,'2026-02-27 01:09:37','2026-02-27 01:09:37'),(579,'PPS Kedungwungu 2','PPS 2',194,'2026-02-27 01:09:38','2026-02-27 01:09:38'),(580,'PPS Kedungwungu 3','PPS 3',194,'2026-02-27 01:09:38','2026-02-27 01:09:38'),(581,'PPS Kendalrejo 1','PPS 1',195,'2026-02-27 01:09:38','2026-02-27 01:09:38'),(582,'PPS Kendalrejo 2','PPS 2',195,'2026-02-27 01:09:39','2026-02-27 01:09:39'),(583,'PPS Kendalrejo 3','PPS 3',195,'2026-02-27 01:09:39','2026-02-27 01:09:39'),(584,'PPS Purwoagung 1','PPS 1',196,'2026-02-27 01:09:39','2026-02-27 01:09:39'),(585,'PPS Purwoagung 2','PPS 2',196,'2026-02-27 01:09:40','2026-02-27 01:09:40'),(586,'PPS Purwoagung 3','PPS 3',196,'2026-02-27 01:09:40','2026-02-27 01:09:40'),(587,'PPS Purwoasri 1','PPS 1',197,'2026-02-27 01:09:40','2026-02-27 01:09:40'),(588,'PPS Purwoasri 2','PPS 2',197,'2026-02-27 01:09:40','2026-02-27 01:09:40'),(589,'PPS Purwoasri 3','PPS 3',197,'2026-02-27 01:09:41','2026-02-27 01:09:41'),(590,'PPS Tegaldlimo 1','PPS 1',198,'2026-02-27 01:09:41','2026-02-27 01:09:41'),(591,'PPS Tegaldlimo 2','PPS 2',198,'2026-02-27 01:09:41','2026-02-27 01:09:41'),(592,'PPS Tegaldlimo 3','PPS 3',198,'2026-02-27 01:09:42','2026-02-27 01:09:42'),(593,'PPS Wringinpitu 1','PPS 1',199,'2026-02-27 01:09:42','2026-02-27 01:09:42'),(594,'PPS Wringinpitu 2','PPS 2',199,'2026-02-27 01:09:42','2026-02-27 01:09:42'),(595,'PPS Wringinpitu 3','PPS 3',199,'2026-02-27 01:09:43','2026-02-27 01:09:43'),(596,'PPS Dasri 1','PPS 1',200,'2026-02-27 01:09:45','2026-02-27 01:09:45'),(597,'PPS Dasri 2','PPS 2',200,'2026-02-27 01:09:45','2026-02-27 01:09:45'),(598,'PPS Dasri 3','PPS 3',200,'2026-02-27 01:09:45','2026-02-27 01:09:45'),(599,'PPS Karangdoro 1','PPS 1',201,'2026-02-27 01:09:46','2026-02-27 01:09:46'),(600,'PPS Karangdoro 2','PPS 2',201,'2026-02-27 01:09:46','2026-02-27 01:09:46'),(601,'PPS Karangdoro 3','PPS 3',201,'2026-02-27 01:09:46','2026-02-27 01:09:46'),(602,'PPS Karangmulyo 1','PPS 1',202,'2026-02-27 01:09:47','2026-02-27 01:09:47'),(603,'PPS Karangmulyo 2','PPS 2',202,'2026-02-27 01:09:47','2026-02-27 01:09:47'),(604,'PPS Karangmulyo 3','PPS 3',202,'2026-02-27 01:09:47','2026-02-27 01:09:47'),(605,'PPS Tamansari 1','PPS 1',203,'2026-02-27 01:09:47','2026-02-27 01:09:47'),(606,'PPS Tegalrejo 1','PPS 1',204,'2026-02-27 01:09:48','2026-02-27 01:09:48'),(607,'PPS Tegalrejo 2','PPS 2',204,'2026-02-27 01:09:48','2026-02-27 01:09:48'),(608,'PPS Tegalrejo 3','PPS 3',204,'2026-02-27 01:09:48','2026-02-27 01:09:48'),(609,'PPS Tegalsari 1','PPS 1',205,'2026-02-27 01:09:49','2026-02-27 01:09:49'),(610,'PPS Tegalsari 2','PPS 2',205,'2026-02-27 01:09:49','2026-02-27 01:09:49'),(611,'PPS Tegalsari 3','PPS 3',205,'2026-02-27 01:09:49','2026-02-27 01:09:49'),(612,'PPS Alasbuluh 1','PPS 1',206,'2026-02-27 01:09:51','2026-02-27 01:09:51'),(613,'PPS Alasbuluh 2','PPS 2',206,'2026-02-27 01:09:51','2026-02-27 01:09:51'),(614,'PPS Alasbuluh 3','PPS 3',206,'2026-02-27 01:09:52','2026-02-27 01:09:52'),(615,'PPS Alasrejo 1','PPS 1',207,'2026-02-27 01:09:52','2026-02-27 01:09:52'),(616,'PPS Alasrejo 2','PPS 2',207,'2026-02-27 01:09:52','2026-02-27 01:09:52'),(617,'PPS Alasrejo 3','PPS 3',207,'2026-02-27 01:09:53','2026-02-27 01:09:53'),(618,'PPS Bajulmati 1','PPS 1',208,'2026-02-27 01:09:53','2026-02-27 01:09:53'),(619,'PPS Bajulmati 2','PPS 2',208,'2026-02-27 01:09:53','2026-02-27 01:09:53'),(620,'PPS Bajulmati 3','PPS 3',208,'2026-02-27 01:09:54','2026-02-27 01:09:54'),(621,'PPS Bangsring 1','PPS 1',209,'2026-02-27 01:09:54','2026-02-27 01:09:54'),(622,'PPS Bangsring 2','PPS 2',209,'2026-02-27 01:09:54','2026-02-27 01:09:54'),(623,'PPS Bangsring 3','PPS 3',209,'2026-02-27 01:09:55','2026-02-27 01:09:55'),(624,'PPS Bengkak 1','PPS 1',210,'2026-02-27 01:09:55','2026-02-27 01:09:55'),(625,'PPS Bengkak 2','PPS 2',210,'2026-02-27 01:09:55','2026-02-27 01:09:55'),(626,'PPS Bengkak 3','PPS 3',210,'2026-02-27 01:09:56','2026-02-27 01:09:56'),(627,'PPS Bimorejo 1','PPS 1',211,'2026-02-27 01:09:56','2026-02-27 01:09:56'),(628,'PPS Bimorejo 2','PPS 2',211,'2026-02-27 01:09:56','2026-02-27 01:09:56'),(629,'PPS Bimorejo 3','PPS 3',211,'2026-02-27 01:09:57','2026-02-27 01:09:57'),(630,'PPS Sidodadi 1','PPS 1',212,'2026-02-27 01:09:57','2026-02-27 01:09:57'),(631,'PPS Sidodadi 2','PPS 2',212,'2026-02-27 01:09:57','2026-02-27 01:09:57'),(632,'PPS Sidodadi 3','PPS 3',212,'2026-02-27 01:09:58','2026-02-27 01:09:58'),(633,'PPS Sidowangi 1','PPS 1',213,'2026-02-27 01:09:58','2026-02-27 01:09:58'),(634,'PPS Sidowangi 2','PPS 2',213,'2026-02-27 01:09:58','2026-02-27 01:09:58'),(635,'PPS Sidowangi 3','PPS 3',213,'2026-02-27 01:09:58','2026-02-27 01:09:58'),(636,'PPS Sumberanyar 1','PPS 1',214,'2026-02-27 01:09:59','2026-02-27 01:09:59'),(637,'PPS Sumberanyar 2','PPS 2',214,'2026-02-27 01:09:59','2026-02-27 01:09:59'),(638,'PPS Sumberanyar 3','PPS 3',214,'2026-02-27 01:09:59','2026-02-27 01:09:59'),(639,'PPS Sumberkencono 1','PPS 1',215,'2026-02-27 01:10:00','2026-02-27 01:10:00'),(640,'PPS Sumberkencono 2','PPS 2',215,'2026-02-27 01:10:00','2026-02-27 01:10:00'),(641,'PPS Sumberkencono 3','PPS 3',215,'2026-02-27 01:10:00','2026-02-27 01:10:00'),(642,'PPS Watukebo 1','PPS 1',216,'2026-02-27 01:10:01','2026-02-27 01:10:01'),(643,'PPS Wongsorejo 1','PPS 1',217,'2026-02-27 01:10:01','2026-02-27 01:10:01'),(644,'PPS Wongsorejo 2','PPS 2',217,'2026-02-27 01:10:01','2026-02-27 01:10:01'),(645,'PPS Wongsorejo 3','PPS 3',217,'2026-02-27 01:10:02','2026-02-27 01:10:02');
/*!40000 ALTER TABLE `pps_member` ENABLE KEYS */;
UNLOCK TABLES;

--
-- Table structure for table `roles`
--

DROP TABLE IF EXISTS `roles`;
/*!40101 SET @saved_cs_client     = @@character_set_client */;
/*!50503 SET character_set_client = utf8mb4 */;
CREATE TABLE `roles` (
  `id` bigint unsigned NOT NULL AUTO_INCREMENT,
  `role` enum('admin','ppk','pps','kpps') COLLATE utf8mb4_unicode_ci NOT NULL,
  `created_at` timestamp NULL DEFAULT NULL,
  `updated_at` timestamp NULL DEFAULT NULL,
  PRIMARY KEY (`id`)
) ENGINE=InnoDB AUTO_INCREMENT=5 DEFAULT CHARSET=utf8mb4 COLLATE=utf8mb4_unicode_ci;
/*!40101 SET character_set_client = @saved_cs_client */;

--
-- Dumping data for table `roles`
--

LOCK TABLES `roles` WRITE;
/*!40000 ALTER TABLE `roles` DISABLE KEYS */;
INSERT INTO `roles` VALUES (1,'admin','2026-02-27 01:05:56','2026-02-27 01:05:56'),(2,'ppk','2026-02-27 01:05:56','2026-02-27 01:05:56'),(3,'pps','2026-02-27 01:05:56','2026-02-27 01:05:56'),(4,'kpps','2026-02-27 01:05:56','2026-02-27 01:05:56');
/*!40000 ALTER TABLE `roles` ENABLE KEYS */;
UNLOCK TABLES;

--
-- Table structure for table `sessions`
--

DROP TABLE IF EXISTS `sessions`;
/*!40101 SET @saved_cs_client     = @@character_set_client */;
/*!50503 SET character_set_client = utf8mb4 */;
CREATE TABLE `sessions` (
  `id` varchar(255) COLLATE utf8mb4_unicode_ci NOT NULL,
  `user_id` bigint unsigned DEFAULT NULL,
  `ip_address` varchar(45) COLLATE utf8mb4_unicode_ci DEFAULT NULL,
  `user_agent` text COLLATE utf8mb4_unicode_ci,
  `payload` longtext COLLATE utf8mb4_unicode_ci NOT NULL,
  `last_activity` int NOT NULL,
  PRIMARY KEY (`id`),
  KEY `sessions_user_id_index` (`user_id`),
  KEY `sessions_last_activity_index` (`last_activity`)
) ENGINE=InnoDB DEFAULT CHARSET=utf8mb4 COLLATE=utf8mb4_unicode_ci;
/*!40101 SET character_set_client = @saved_cs_client */;

--
-- Dumping data for table `sessions`
--

LOCK TABLES `sessions` WRITE;
/*!40000 ALTER TABLE `sessions` DISABLE KEYS */;
INSERT INTO `sessions` VALUES ('8pYc5G2EToSSWTFoo5UGij3s1s1QcHohV0TBC8ku',NULL,'127.0.0.1','Mozilla/5.0 (Windows NT 10.0; Win64; x64) AppleWebKit/537.36 (KHTML, like Gecko) Chrome/145.0.0.0 Safari/537.36','YTozOntzOjY6Il90b2tlbiI7czo0MDoiQm41Sld3U2RTNWdudXZ5YWJ3c1h0VjNYaXVJMHAzTmVPQTdGREpMMCI7czo5OiJfcHJldmlvdXMiO2E6MTp7czozOiJ1cmwiO3M6MjA6Imh0dHA6Ly9rcHUtZG9jcy50ZXN0Ijt9czo2OiJfZmxhc2giO2E6Mjp7czozOiJvbGQiO2E6MDp7fXM6MzoibmV3IjthOjA6e319fQ==',1772196817),('GVVJSQ3ncZisdwrOFIPRIzyoGInHIIGvFRpARcwW',771,'127.0.0.1','Mozilla/5.0 (Windows NT 10.0; Win64; x64) AppleWebKit/537.36 (KHTML, like Gecko) Chrome/145.0.0.0 Safari/537.36 Edg/145.0.0.0','YTo0OntzOjY6Il90b2tlbiI7czo0MDoib0lNdzV3Wm1BaHV5YWF5THFXampLVjZjRUVtMXdPZFpNTHAzY211byI7czo5OiJfcHJldmlvdXMiO2E6MTp7czozOiJ1cmwiO3M6MzM6Imh0dHA6Ly8xMjcuMC4wLjE6ODAwMC9rZWNhbWF0YW4vMSI7fXM6NjoiX2ZsYXNoIjthOjI6e3M6Mzoib2xkIjthOjA6e31zOjM6Im5ldyI7YTowOnt9fXM6NTA6ImxvZ2luX3dlYl81OWJhMzZhZGRjMmIyZjk0MDE1ODBmMDE0YzdmNThlYTRlMzA5ODlkIjtpOjc3MTt9',1772246594),('YkRECtfKzOkurnNgRaq480OjFSJmVAviNQ9FE6Lt',NULL,'127.0.0.1','Mozilla/5.0 (Windows NT 10.0; Win64; x64) AppleWebKit/537.36 (KHTML, like Gecko) Chrome/145.0.0.0 Safari/537.36 Edg/145.0.0.0','YTozOntzOjY6Il90b2tlbiI7czo0MDoiRjVWeG1kSXFMWVRsbm85eFBuVmpFTnFXR3pBNEJlQW54UGd6ZDlhRSI7czo5OiJfcHJldmlvdXMiO2E6MTp7czozOiJ1cmwiO3M6MjE6Imh0dHA6Ly8xMjcuMC4wLjE6ODAwMCI7fXM6NjoiX2ZsYXNoIjthOjI6e3M6Mzoib2xkIjthOjA6e31zOjM6Im5ldyI7YTowOnt9fX0=',1772195984);
/*!40000 ALTER TABLE `sessions` ENABLE KEYS */;
UNLOCK TABLES;

--
-- Table structure for table `tps`
--

DROP TABLE IF EXISTS `tps`;
/*!40101 SET @saved_cs_client     = @@character_set_client */;
/*!50503 SET character_set_client = utf8mb4 */;
CREATE TABLE `tps` (
  `id` bigint unsigned NOT NULL AUTO_INCREMENT,
  `tps_code` varchar(255) COLLATE utf8mb4_unicode_ci NOT NULL,
  `address` varchar(255) COLLATE utf8mb4_unicode_ci DEFAULT NULL,
  `number_of_voters` bigint unsigned NOT NULL DEFAULT '0',
  `desa_id` bigint unsigned NOT NULL,
  `created_at` timestamp NULL DEFAULT NULL,
  `updated_at` timestamp NULL DEFAULT NULL,
  PRIMARY KEY (`id`),
  KEY `tps_desa_id_foreign` (`desa_id`),
  CONSTRAINT `tps_desa_id_foreign` FOREIGN KEY (`desa_id`) REFERENCES `desa` (`id`) ON DELETE CASCADE
) ENGINE=InnoDB DEFAULT CHARSET=utf8mb4 COLLATE=utf8mb4_unicode_ci;
/*!40101 SET character_set_client = @saved_cs_client */;

--
-- Dumping data for table `tps`
--

LOCK TABLES `tps` WRITE;
/*!40000 ALTER TABLE `tps` DISABLE KEYS */;
/*!40000 ALTER TABLE `tps` ENABLE KEYS */;
UNLOCK TABLES;

--
-- Table structure for table `users`
--

DROP TABLE IF EXISTS `users`;
/*!40101 SET @saved_cs_client     = @@character_set_client */;
/*!50503 SET character_set_client = utf8mb4 */;
CREATE TABLE `users` (
  `id` bigint unsigned NOT NULL AUTO_INCREMENT,
  `name` varchar(255) COLLATE utf8mb4_unicode_ci NOT NULL,
  `username` varchar(255) COLLATE utf8mb4_unicode_ci NOT NULL,
  `password` varchar(255) COLLATE utf8mb4_unicode_ci NOT NULL,
  `temporary_password` varchar(255) COLLATE utf8mb4_unicode_ci DEFAULT NULL,
  `remember_token` varchar(100) COLLATE utf8mb4_unicode_ci DEFAULT NULL,
  `created_at` timestamp NULL DEFAULT NULL,
  `updated_at` timestamp NULL DEFAULT NULL,
  `role_id` bigint unsigned DEFAULT NULL,
  `userable_id` bigint unsigned DEFAULT NULL,
  `userable_type` varchar(255) COLLATE utf8mb4_unicode_ci DEFAULT NULL,
  PRIMARY KEY (`id`),
  UNIQUE KEY `users_username_unique` (`username`),
  KEY `users_role_id_foreign` (`role_id`),
  CONSTRAINT `users_role_id_foreign` FOREIGN KEY (`role_id`) REFERENCES `roles` (`id`) ON DELETE SET NULL
) ENGINE=InnoDB AUTO_INCREMENT=772 DEFAULT CHARSET=utf8mb4 COLLATE=utf8mb4_unicode_ci;
/*!40101 SET character_set_client = @saved_cs_client */;

--
-- Dumping data for table `users`
--

LOCK TABLES `users` WRITE;
/*!40000 ALTER TABLE `users` DISABLE KEYS */;
INSERT INTO `users` VALUES (1,'PPK1','ppk-bangorejo-1','$2y$12$CqBg.2NaV1mngNIMwEv7J.JtxszccPpFYh3lhA5RGlTWohOYtbrCC',NULL,NULL,'2026-02-27 01:05:56','2026-02-27 05:52:37',2,1,'App\\Models\\PPKMember'),(2,'PPK Bangorejo 2','ppk-bangorejo-2','$2y$12$vC/eN5gQTUke2.eOJY.m7u5V7xT.uFgyK093QkHYLanZIQq60RNFq','RC0W35',NULL,'2026-02-27 01:05:57','2026-02-27 01:05:57',2,2,'App\\Models\\PPKMember'),(3,'PPK Bangorejo 3','ppk-bangorejo-3','$2y$12$gOPn.o5qTx/6qp8E.THgf.nHBrvEI.MQ5OXJJi7DufOZh1mVbkvSi','ZPCQ92',NULL,'2026-02-27 01:05:57','2026-02-27 01:05:57',2,3,'App\\Models\\PPKMember'),(4,'PPK Bangorejo 4','ppk-bangorejo-4','$2y$12$oE2zeY6xzZ/lJDOBUmiNJ.WIYX7VlX8PWqi9KsCjBCz78X8/5dDkS','USXP16',NULL,'2026-02-27 01:05:57','2026-02-27 01:05:57',2,4,'App\\Models\\PPKMember'),(5,'PPK Bangorejo 5','ppk-bangorejo-5','$2y$12$Neyj82tSWT9OqVdfa0FNDe.popzVQvGY05GPX.7pNgzS2owAgr1eC','QVNV60',NULL,'2026-02-27 01:05:57','2026-02-27 01:05:57',2,5,'App\\Models\\PPKMember'),(6,'PPS Bangorejo 1','pps-bangorejo-1','$2y$12$8J0D/FLNtrZN131StnzoFuaQHh0LB6RfF5l6Ag4evwRV7O.dpNqNe','1QTJ53',NULL,'2026-02-27 01:05:57','2026-02-27 01:05:57',3,1,'App\\Models\\PPSMember'),(7,'PPS Bangorejo 2','pps-bangorejo-2','$2y$12$iztVLjx..G.m/k1cO6eJsepTqV5JhaTp/uVDbPaqz6ocaXHXwr08W','MUUH24',NULL,'2026-02-27 01:05:58','2026-02-27 01:05:58',3,2,'App\\Models\\PPSMember'),(8,'PPS Bangorejo 3','pps-bangorejo-3','$2y$12$Ws7e3bmxkNPn.HEQwM/SwOfOUTgNdhSsHCSSepQUHweWNwyV3kD4.','RZO977',NULL,'2026-02-27 01:05:58','2026-02-27 01:05:58',3,3,'App\\Models\\PPSMember'),(9,'PPS Kebondalem 1','pps-kebondalem-1','$2y$12$w6Kb7dQDsJ/A.pRqTOh5T.UATgsofL5PALM1ycIdBVfZNEhcykpW6','5VO738',NULL,'2026-02-27 01:05:58','2026-02-27 01:05:58',3,4,'App\\Models\\PPSMember'),(10,'PPS Kebondalem 2','pps-kebondalem-2','$2y$12$JRv0qiv1svZXM9pxxtjvouodHtnhXc.VmlOMsLr.Nng3WOax/BBWq','O2IP17',NULL,'2026-02-27 01:05:58','2026-02-27 01:05:58',3,5,'App\\Models\\PPSMember'),(11,'PPS Kebondalem 3','pps-kebondalem-3','$2y$12$hATg17NMV/nhiuS0EqfQeO4pQav/AfGNzRYCBRrYavijZ8W2OKlzG','JB8H53',NULL,'2026-02-27 01:05:58','2026-02-27 01:05:58',3,6,'App\\Models\\PPSMember'),(12,'PPS Ringintelu 1','pps-ringintelu-1','$2y$12$d27qPA4vSCtSJAoBwfijTOZ.ftftJBVPFMawI47dvvELzcatYWA9y','YNH569',NULL,'2026-02-27 01:05:59','2026-02-27 01:05:59',3,7,'App\\Models\\PPSMember'),(13,'PPS Ringintelu 2','pps-ringintelu-2','$2y$12$OxW6kt0IVRrihzX1nvJ9oe0Q46/7D2IJA3LbM85LyJy.ET5QDK07m','ARQ224',NULL,'2026-02-27 01:05:59','2026-02-27 01:05:59',3,8,'App\\Models\\PPSMember'),(14,'PPS Ringintelu 3','pps-ringintelu-3','$2y$12$xkUlL4YlI5uE6S5wgQL2N.YmdnLV2vnMhtI45Y7LH5zmtoJTG69Yu','AB6691',NULL,'2026-02-27 01:06:00','2026-02-27 01:06:00',3,9,'App\\Models\\PPSMember'),(15,'PPS Sambimulyo 1','pps-sambimulyo-1','$2y$12$SV8rBhzUVsoLhaOCIUTG1e7WLZIVMcsTc39EekdM6Otejs4PNNdDa','C49T91',NULL,'2026-02-27 01:06:00','2026-02-27 01:06:00',3,10,'App\\Models\\PPSMember'),(16,'PPS Sambimulyo 2','pps-sambimulyo-2','$2y$12$WjiEofEMEYAlpbhSIY3kI.Jf9WQACYmIcPNJ3zKI98jzzDGS/OeoS','8XPK50',NULL,'2026-02-27 01:06:01','2026-02-27 01:06:01',3,11,'App\\Models\\PPSMember'),(17,'PPS Sambimulyo 3','pps-sambimulyo-3','$2y$12$y4hzaq4HAA0xlX0whSRHn.6kNYMKIJLX3QlvUDgdw0JGB.OFxvcxe','DKIB62',NULL,'2026-02-27 01:06:01','2026-02-27 01:06:01',3,12,'App\\Models\\PPSMember'),(18,'PPS Sambirejo 1','pps-sambirejo-1','$2y$12$edy/f3LdBG1xK833vFqxfuL/KunwNFBx9wCPOvLHUxIjm1o53dX/a','GXMQ29',NULL,'2026-02-27 01:06:02','2026-02-27 01:06:02',3,13,'App\\Models\\PPSMember'),(19,'PPS Sambirejo 2','pps-sambirejo-2','$2y$12$FxyBM0nq9k6/T879Bmo0eO.xTdd8RqPIU1tJm97Drh9IgL73Mezeq','NNQ747',NULL,'2026-02-27 01:06:02','2026-02-27 01:06:02',3,14,'App\\Models\\PPSMember'),(20,'PPS Sambirejo 3','pps-sambirejo-3','$2y$12$XNBMA4NdHskNPXmnQdsCrOWVl5WHCT0Yae1qZSPNl8prmjksow9FK','G6KX70',NULL,'2026-02-27 01:06:03','2026-02-27 01:06:03',3,15,'App\\Models\\PPSMember'),(21,'PPS Sukorejo 1','pps-sukorejo-1','$2y$12$EHCaXzKLkWatPuwJzm7aQ.q6.rWsMwgQrpn0AFz084vtbPvS0Lk4W','OPW397',NULL,'2026-02-27 01:06:03','2026-02-27 01:06:03',3,16,'App\\Models\\PPSMember'),(22,'PPS Sukorejo 2','pps-sukorejo-2','$2y$12$oAVbd6NpUVvL26ElFy/PZ.rpaaeKUEUXGa8WKBFHHvA7KebeZM9ey','BPAZ18',NULL,'2026-02-27 01:06:04','2026-02-27 01:06:04',3,17,'App\\Models\\PPSMember'),(23,'PPS Sukorejo 3','pps-sukorejo-3','$2y$12$k6nyLwm/MZVGcOb2LV7hv.t1Qm57zhsig5zQAM7RXC6jYOFISejFO','QUAQ42',NULL,'2026-02-27 01:06:04','2026-02-27 01:06:04',3,18,'App\\Models\\PPSMember'),(24,'PPS Temurejo 1','pps-temurejo-1','$2y$12$XVV71klx6x9vioPHfJUaJ.G6GLk.fsaZdW0BfDdmnZ9lfEeMHQB2.','USJI57',NULL,'2026-02-27 01:06:05','2026-02-27 01:06:05',3,19,'App\\Models\\PPSMember'),(25,'PPS Temurejo 2','pps-temurejo-2','$2y$12$F8jMaMjzxTaDtdAczav8N.vIhzrBhCEmzrLokPU6K0cd/eWYZMu5S','RXWJ53',NULL,'2026-02-27 01:06:05','2026-02-27 01:06:05',3,20,'App\\Models\\PPSMember'),(26,'PPS Temurejo 3','pps-temurejo-3','$2y$12$3Fbywfw/9AzxowZRxBgE6OlWyOIi1ZZTEO54Sjsf1STK3eVLhXUBa','ASZR23',NULL,'2026-02-27 01:06:06','2026-02-27 01:06:06',3,21,'App\\Models\\PPSMember'),(27,'PPK Banyuwangi 1','ppk-banyuwangi-1','$2y$12$bPsecLuVgig7tWlLq2BS2eorjT1i1OhDFgaOl/Egs1iOyi30.Hcd2','6TMX89',NULL,'2026-02-27 01:06:06','2026-02-27 01:06:06',2,6,'App\\Models\\PPKMember'),(28,'PPK Banyuwangi 2','ppk-banyuwangi-2','$2y$12$jZtZsBfIniPedA3O8buVa.JzxeTgIS5S.Y6E6GotlUAJCv5FOF4DK','5CMH77',NULL,'2026-02-27 01:06:07','2026-02-27 01:06:07',2,7,'App\\Models\\PPKMember'),(29,'PPK Banyuwangi 3','ppk-banyuwangi-3','$2y$12$GC4s.NeaA/zwp5MQbhK5LurVSPjFOEfHAMmCJ.1VQZPrudK4P8Mpi','W1DN82',NULL,'2026-02-27 01:06:07','2026-02-27 01:06:07',2,8,'App\\Models\\PPKMember'),(30,'PPK Banyuwangi 4','ppk-banyuwangi-4','$2y$12$/W1nfqJOiOpDEI50H9eequzXMbLePxNqTs3xwoBIfPyiuvmgqwcrO','OR4780',NULL,'2026-02-27 01:06:07','2026-02-27 01:06:07',2,9,'App\\Models\\PPKMember'),(31,'PPK Banyuwangi 5','ppk-banyuwangi-5','$2y$12$7oaKtI1PsiKCucCc1C08y.OHVVU4cgVnHaDBe/NE1Lw5cgv2G3VoG','JN9192',NULL,'2026-02-27 01:06:08','2026-02-27 01:06:08',2,10,'App\\Models\\PPKMember'),(32,'PPS Kampung Mandar 1','pps-kampung-mandar-1','$2y$12$lYPFb2vxJ503dhgDIkazvuwlocr5wH0B1kmOZ2l5VwdLHEpuFX95y','PY8O69',NULL,'2026-02-27 01:06:08','2026-02-27 01:06:08',3,22,'App\\Models\\PPSMember'),(33,'PPS Kampung Mandar 2','pps-kampung-mandar-2','$2y$12$LQ9iGDQlpVBCER/K8Mc/KuEau667wV3g3sBO9lVJLxnb.WDD0iyKu','JZK991',NULL,'2026-02-27 01:06:09','2026-02-27 01:06:09',3,23,'App\\Models\\PPSMember'),(34,'PPS Kampung Mandar 3','pps-kampung-mandar-3','$2y$12$UH/.2ml85FD4FRb2G9XjPOhopOiqIg5qPf/pMfEg.b7BvWwqaGomW','VDUP42',NULL,'2026-02-27 01:06:10','2026-02-27 01:06:10',3,24,'App\\Models\\PPSMember'),(35,'PPS Kampung Melayu 1','pps-kampung-melayu-1','$2y$12$PI2MVkpA4iguKNqtItfepuUr/bbt/G4U2aYNwJbC5LrV1f7SOUwLu','NQHP23',NULL,'2026-02-27 01:06:10','2026-02-27 01:06:10',3,25,'App\\Models\\PPSMember'),(36,'PPS Kampung Melayu 2','pps-kampung-melayu-2','$2y$12$sOSqVvsJd2mfIsPnG.kQjuOSg4zIsj7XAKJDHe.5fdkj82CZpFsra','09E469',NULL,'2026-02-27 01:06:11','2026-02-27 01:06:11',3,26,'App\\Models\\PPSMember'),(37,'PPS Kampung Melayu 3','pps-kampung-melayu-3','$2y$12$m8Kna1Cof/8NY5M0PPnIUOPkF6ejcusJqtd5JZlG5EZR7M2zsiTxy','VWQB64',NULL,'2026-02-27 01:06:11','2026-02-27 01:06:11',3,27,'App\\Models\\PPSMember'),(38,'PPS Karangrejo 1','pps-karangrejo-1','$2y$12$2HmPJe26JHUakEL8Rp3dQu7WbyXn43NXZkhdDqIxeQg8cBI9tsnYy','TJ6E88',NULL,'2026-02-27 01:06:12','2026-02-27 01:06:12',3,28,'App\\Models\\PPSMember'),(39,'PPS Karangrejo 2','pps-karangrejo-2','$2y$12$yaMb0RG1zN/8pUNaw9ibVuWciYIdnMc69knXGY479Vx9WYb81XE5O','BT6Y35',NULL,'2026-02-27 01:06:12','2026-02-27 01:06:12',3,29,'App\\Models\\PPSMember'),(40,'PPS Karangrejo 3','pps-karangrejo-3','$2y$12$VSBREGOtgrU.o8AU0ReJkek44dZ3JkSP5RgZZuYb6zFc0zg9sqXZW','TKL868',NULL,'2026-02-27 01:06:12','2026-02-27 01:06:12',3,30,'App\\Models\\PPSMember'),(41,'PPS Kebalenan 1','pps-kebalenan-1','$2y$12$jkVqem0.ieZgZkwqYW0B.Oem9qsY16BN7lWI.5pO337UwmwZ1NVBK','XS8E80',NULL,'2026-02-27 01:06:13','2026-02-27 01:06:13',3,31,'App\\Models\\PPSMember'),(42,'PPS Kebalenan 2','pps-kebalenan-2','$2y$12$mynfkxOCbU3nxrRhlW9XV.4CfYKfFA7uw7S2RkZLA8ioFIGQPiMSG','KASZ25',NULL,'2026-02-27 01:06:13','2026-02-27 01:06:13',3,32,'App\\Models\\PPSMember'),(43,'PPS Kebalenan 3','pps-kebalenan-3','$2y$12$rE/ZU86fYuq5nsepAwYWUOwtfkFPmj..Wck.oG5D0MMwYWQxEvc4G','ET6W92',NULL,'2026-02-27 01:06:14','2026-02-27 01:06:14',3,33,'App\\Models\\PPSMember'),(44,'PPS Kepatihan 1','pps-kepatihan-1','$2y$12$iP3nCKsn0bTOH0zXBfjOAO.Gr1JsOoXJFkzIQHdCyrZTHFr6AW64y','GQIR72',NULL,'2026-02-27 01:06:14','2026-02-27 01:06:14',3,34,'App\\Models\\PPSMember'),(45,'PPS Kepatihan 2','pps-kepatihan-2','$2y$12$FUHMZCmPDFx3o9AtKRBoNeiKvc14NMyfztBxFLsg5zAuEPpN9x8Iy','E4IB42',NULL,'2026-02-27 01:06:15','2026-02-27 01:06:15',3,35,'App\\Models\\PPSMember'),(46,'PPS Kepatihan 3','pps-kepatihan-3','$2y$12$jPe9imDjosHej7JhdQc24.TzfeU.LIa7E7JfCWAOGltDHPeXXO8ty','SBFP73',NULL,'2026-02-27 01:06:15','2026-02-27 01:06:15',3,36,'App\\Models\\PPSMember'),(47,'PPS Kertosari 1','pps-kertosari-1','$2y$12$5ZyEZbHppZCgPPJNU6FdZulRyaVWkwe/.Gsp85uiUBQ4.NV5CAzhC','XTCX40',NULL,'2026-02-27 01:06:15','2026-02-27 01:06:15',3,37,'App\\Models\\PPSMember'),(48,'PPS Kertosari 2','pps-kertosari-2','$2y$12$HjR6.4NXlhuLEih5J04stebPiaElPkwQux3XKrCQOZfvCdINucvy6','7BHI37',NULL,'2026-02-27 01:06:15','2026-02-27 01:06:15',3,38,'App\\Models\\PPSMember'),(49,'PPS Kertosari 3','pps-kertosari-3','$2y$12$6yz7tBV7/s.zthGA1pm5Ke0elTURkMEFrMlkKWWPCg6TOA.9eKvJW','IIHN85',NULL,'2026-02-27 01:06:16','2026-02-27 01:06:16',3,39,'App\\Models\\PPSMember'),(50,'PPS Lateng 1','pps-lateng-1','$2y$12$uYPYz2HMj1k16NVID91kdeEB3M.9xa5P8m9F5DAFYqu8oUA23P.my','973095',NULL,'2026-02-27 01:06:16','2026-02-27 01:06:16',3,40,'App\\Models\\PPSMember'),(51,'PPS Lateng 2','pps-lateng-2','$2y$12$BFLDbrOz9KYp4xY7KtyetOnqb/V9AMmiuhXUcUDcfTB93hI8YX0DK','HJP993',NULL,'2026-02-27 01:06:16','2026-02-27 01:06:16',3,41,'App\\Models\\PPSMember'),(52,'PPS Lateng 3','pps-lateng-3','$2y$12$iHwmGw5HpLtLKqM1htDjBOCXSMW0/YIFUKEy.eu/eSI29KbsMlITG','AB8A52',NULL,'2026-02-27 01:06:16','2026-02-27 01:06:16',3,42,'App\\Models\\PPSMember'),(53,'PPS Pakis 1','pps-pakis-1','$2y$12$sweo.7t9jqW6k.Ns.J0F2.cLChz3S/rN1LHwbcJLlt27KmPzvJsIW','RA1U59',NULL,'2026-02-27 01:06:16','2026-02-27 01:06:16',3,43,'App\\Models\\PPSMember'),(54,'PPS Pakis 2','pps-pakis-2','$2y$12$qo6s4u1S/74MFSYg.lo0XefHylJLPr02xyPJYaOa/8tq90eTlWNR6','AV1C22',NULL,'2026-02-27 01:06:17','2026-02-27 01:06:17',3,44,'App\\Models\\PPSMember'),(55,'PPS Pakis 3','pps-pakis-3','$2y$12$klAIaC9e9SJEY3n9WnY6keat7DYlyhbzWokYuv3j/BmD/n8Eygiga','0HJF64',NULL,'2026-02-27 01:06:17','2026-02-27 01:06:17',3,45,'App\\Models\\PPSMember'),(56,'PPS Panderejo 1','pps-panderejo-1','$2y$12$31F6fsIU8IQT555/oye5QeJRjeIS6PSFqEFLsKfPb8VJ0aXSS4Bsi','JXEK21',NULL,'2026-02-27 01:06:17','2026-02-27 01:06:17',3,46,'App\\Models\\PPSMember'),(57,'PPS Panderejo 2','pps-panderejo-2','$2y$12$aHZ3FNrN2wuG1QD2aD8lseOaP0YqJRRpRyEj8M3y2ro.UtA/Crt8S','5Z2270',NULL,'2026-02-27 01:06:17','2026-02-27 01:06:17',3,47,'App\\Models\\PPSMember'),(58,'PPS Panderejo 3','pps-panderejo-3','$2y$12$2Yhm43FX2W1jgtf9ynP5Uu/OdcEBnh9WsmfQkIx/qv3RQpBnofJ8W','K7FF30',NULL,'2026-02-27 01:06:17','2026-02-27 01:06:17',3,48,'App\\Models\\PPSMember'),(59,'PPS Penganjuran 1','pps-penganjuran-1','$2y$12$MRljSmKOxDf3UrybLTacz.x022x162tm.mCNlSXY3jugQBn0ycEfG','JNZR22',NULL,'2026-02-27 01:06:18','2026-02-27 01:06:18',3,49,'App\\Models\\PPSMember'),(60,'PPS Penganjuran 2','pps-penganjuran-2','$2y$12$yOg4.DKbs3DoT0zhnfpRGegiLxUDTwmrOA55d3FYYaLAML.ukZOsC','7IRP60',NULL,'2026-02-27 01:06:18','2026-02-27 01:06:18',3,50,'App\\Models\\PPSMember'),(61,'PPS Penganjuran 3','pps-penganjuran-3','$2y$12$vCcm8Sdzu7i1wnPxfAA.EuG99Ccad6dXCAdiDHuT0HZvVPt9RShei','XIMQ59',NULL,'2026-02-27 01:06:18','2026-02-27 01:06:18',3,51,'App\\Models\\PPSMember'),(62,'PPS Pengantigan 1','pps-pengantigan-1','$2y$12$yrlK2xur5bJRVLegdnA/..IwRoMWvNd631JrSSJwgc3mxhtnrXa/u','FRN954',NULL,'2026-02-27 01:06:19','2026-02-27 01:06:19',3,52,'App\\Models\\PPSMember'),(63,'PPS Pengantigan 2','pps-pengantigan-2','$2y$12$poeY19n/aoxQzU2i3bIhVuLkqgPvmN/I2Nj9BSf87xZKFOhWbuGQG','8NK618',NULL,'2026-02-27 01:06:19','2026-02-27 01:06:19',3,53,'App\\Models\\PPSMember'),(64,'PPS Pengantigan 3','pps-pengantigan-3','$2y$12$cq9CBE.l6FfArm1PKy7Fp.V9PMCVpWq7QMgDVuvg1trTKhCMGKUGm','U0RB69',NULL,'2026-02-27 01:06:20','2026-02-27 01:06:20',3,54,'App\\Models\\PPSMember'),(65,'PPS Singonegaran 1','pps-singonegaran-1','$2y$12$WfqqRrj0A4SNDbcuPqAeOOPm6jGuDhcCAADAvFOcNt0t3Xe7OGty.','KACJ72',NULL,'2026-02-27 01:06:20','2026-02-27 01:06:20',3,55,'App\\Models\\PPSMember'),(66,'PPS Singonegaran 2','pps-singonegaran-2','$2y$12$kAcjcjwqDvjQGPAaNAUVJ.GJSBFlFI.tpE2/eD9w49rMQGkM7kojK','ZHQV71',NULL,'2026-02-27 01:06:21','2026-02-27 01:06:21',3,56,'App\\Models\\PPSMember'),(67,'PPS Singonegaran 3','pps-singonegaran-3','$2y$12$R2gm/HfIuz9qd54LN0V3au40rEFXt6awdbl2puFaI6FQCSUMPJD.6','SYID13',NULL,'2026-02-27 01:06:21','2026-02-27 01:06:21',3,57,'App\\Models\\PPSMember'),(68,'PPS Singotrunan 1','pps-singotrunan-1','$2y$12$uQBWzJlEYh79BMtljTrGcuAfXCA0FBSmX3rWUtJPwMEXpoxHdT83i','I2DX86',NULL,'2026-02-27 01:06:22','2026-02-27 01:06:22',3,58,'App\\Models\\PPSMember'),(69,'PPS Singotrunan 2','pps-singotrunan-2','$2y$12$W580i8vi5e6NV87LUnhkeOStHT6vuoEFp2H87a8riFYFyqu66Spu.','D2SF75',NULL,'2026-02-27 01:06:22','2026-02-27 01:06:22',3,59,'App\\Models\\PPSMember'),(70,'PPS Singotrunan 3','pps-singotrunan-3','$2y$12$TIZv.ch31lXdxT7cVSlN4O1P9ypc/XJMDKwfPLQEhejQeUeos7/LC','GJTR35',NULL,'2026-02-27 01:06:23','2026-02-27 01:06:23',3,60,'App\\Models\\PPSMember'),(71,'PPS Sobo 1','pps-sobo-1','$2y$12$ZuZcbjkGrxtvqRfOjyRW3e0Srpo4NXzbXo033rjK5ySa2wHo1gPPe','CSUE37',NULL,'2026-02-27 01:06:23','2026-02-27 01:06:23',3,61,'App\\Models\\PPSMember'),(72,'PPS Sobo 2','pps-sobo-2','$2y$12$2162gsVD2vCjZ7qdCD8EHur2SwW3yBTubfjDbpqrpPlGDpncd/7I6','NLSV35',NULL,'2026-02-27 01:06:24','2026-02-27 01:06:24',3,62,'App\\Models\\PPSMember'),(73,'PPS Sobo 3','pps-sobo-3','$2y$12$7dO4iLD75U8667NynlqtwuS2p7NTAMkZoQPyulcfjZaYke/3BrGGa','BBRN77',NULL,'2026-02-27 01:06:24','2026-02-27 01:06:24',3,63,'App\\Models\\PPSMember'),(74,'PPS Sumber Rejo 1','pps-sumber-rejo-1','$2y$12$aDil/78eOkp/c9tSMLn9XuEcEgpsctOts5nO/KbZT5la4YavoWuiy','G30M47',NULL,'2026-02-27 01:06:25','2026-02-27 01:06:25',3,64,'App\\Models\\PPSMember'),(75,'PPS Sumber Rejo 2','pps-sumber-rejo-2','$2y$12$r12kgR6ZAS1VB7IVSEFBUuh8fdgrcMMiqXi3KlNoNlsKafTLZ5Va6','82OQ26',NULL,'2026-02-27 01:06:25','2026-02-27 01:06:25',3,65,'App\\Models\\PPSMember'),(76,'PPS Sumber Rejo 3','pps-sumber-rejo-3','$2y$12$VAzsKH6BvcVjcHwLKSPxfOJsGzsJoNedgF.vDw0SMj5.N2RFkKJLq','FAVJ98',NULL,'2026-02-27 01:06:26','2026-02-27 01:06:26',3,66,'App\\Models\\PPSMember'),(77,'PPS Taman Baru 1','pps-taman-baru-1','$2y$12$KpDhhjuQW6WVwdA45BxcyeqkQY4B8ubr/QZHait8ruD/HjhGeOFwW','SBLQ63',NULL,'2026-02-27 01:06:26','2026-02-27 01:06:26',3,67,'App\\Models\\PPSMember'),(78,'PPS Taman Baru 2','pps-taman-baru-2','$2y$12$unMNnY8vkhPoWAvuHNuEjO/983BqvXMrqYbTYKCJ6Wl.UF7/09qGe','DN4C81',NULL,'2026-02-27 01:06:27','2026-02-27 01:06:27',3,68,'App\\Models\\PPSMember'),(79,'PPS Taman Baru 3','pps-taman-baru-3','$2y$12$8d27ASdvtNCg3QFbqrnVjORsHLyojYkZpiCn8WkuI.VsdpJJMHE/y','N6FL57',NULL,'2026-02-27 01:06:27','2026-02-27 01:06:27',3,69,'App\\Models\\PPSMember'),(80,'PPS Temenggungan 1','pps-temenggungan-1','$2y$12$jHfJ2jDvFUVZ6fvxWyHmaOckd1bBT1Lo29BUKHHAXgb6Z/79cmbuO','ZBQ214',NULL,'2026-02-27 01:06:28','2026-02-27 01:06:28',3,70,'App\\Models\\PPSMember'),(81,'PPS Temenggungan 2','pps-temenggungan-2','$2y$12$4hOPDlG5OofsIJU74myyHO4ccJtvqeFFhMN/6f0l2fpX.I2y1bZT2','GHWQ99',NULL,'2026-02-27 01:06:28','2026-02-27 01:06:28',3,71,'App\\Models\\PPSMember'),(82,'PPS Temenggungan 3','pps-temenggungan-3','$2y$12$PcNRdV0.CkozR7Rn7L0hc.Cyo0gVRDNrH6vDsdUv88Id24FEglwRm','QYQK58',NULL,'2026-02-27 01:06:29','2026-02-27 01:06:29',3,72,'App\\Models\\PPSMember'),(83,'PPS Tukang Kayu 1','pps-tukang-kayu-1','$2y$12$sdEX98I1vYAC4D8PSpsyBeDFjEgRzmZopFuDC.E1yYaD5WrISsdle','PV8I47',NULL,'2026-02-27 01:06:29','2026-02-27 01:06:29',3,73,'App\\Models\\PPSMember'),(84,'PPS Tukang Kayu 2','pps-tukang-kayu-2','$2y$12$rLZGp9CntS6OSgngyK3I9.haXijCXsU2Oxv5Jn9iDMh3FKgDtNyuu','MVPA86',NULL,'2026-02-27 01:06:30','2026-02-27 01:06:30',3,74,'App\\Models\\PPSMember'),(85,'PPS Tukang Kayu 3','pps-tukang-kayu-3','$2y$12$FispV1iFN7pqvrKJRathteiMwEpNtBP3MJnQdcuZq4eZRzwdZfyFm','JJ0D69',NULL,'2026-02-27 01:06:30','2026-02-27 01:06:30',3,75,'App\\Models\\PPSMember'),(86,'PPK Blimbingsari 1','ppk-blimbingsari-1','$2y$12$4xlXIF1nDvl75deMlJ3GA.fGKBqcVkAH3Su8BRlQT.JrH/0NsD5cu','MJE814',NULL,'2026-02-27 01:06:31','2026-02-27 01:06:31',2,11,'App\\Models\\PPKMember'),(87,'PPK Blimbingsari 2','ppk-blimbingsari-2','$2y$12$dPD4JmoFHnzE5iXrF5WQH.w3VilkZxIk7B9FUZZJpPjK0BOUNVZUu','RXBJ78',NULL,'2026-02-27 01:06:31','2026-02-27 01:06:31',2,12,'App\\Models\\PPKMember'),(88,'PPK Blimbingsari 3','ppk-blimbingsari-3','$2y$12$kAqT5fT.GTa981NOil9.VeJ7l3kncDHkm1tw5EToewmwj4RWycIHO','O10X29',NULL,'2026-02-27 01:06:31','2026-02-27 01:06:31',2,13,'App\\Models\\PPKMember'),(89,'PPK Blimbingsari 4','ppk-blimbingsari-4','$2y$12$PDFlrDEdp4wgRU42BqAyVORP4OC4l9M0F3Mtj7ga.ujeHfJj7iEI.','GVOD99',NULL,'2026-02-27 01:06:32','2026-02-27 01:06:32',2,14,'App\\Models\\PPKMember'),(90,'PPK Blimbingsari 5','ppk-blimbingsari-5','$2y$12$3qUJe82vqad1ZkwSEtgX3ubAvkKst.6dPUHQgv34Tl6/8zx4tGCHu','WU9P59',NULL,'2026-02-27 01:06:32','2026-02-27 01:06:32',2,15,'App\\Models\\PPKMember'),(91,'PPS Badean 1','pps-badean-1','$2y$12$r7UhdEejxyk6uUIXikq/Z.AYcF8pflZtfkgQDRgzdj0JR3iHQnHx.','IUQD10',NULL,'2026-02-27 01:06:33','2026-02-27 01:06:33',3,76,'App\\Models\\PPSMember'),(92,'PPS Badean 2','pps-badean-2','$2y$12$y4fuSAKx/ORvkSnd9K.JbeRvnulsyd4/xwzg04RUJn18Ey98sESSK','AKGT11',NULL,'2026-02-27 01:06:33','2026-02-27 01:06:33',3,77,'App\\Models\\PPSMember'),(93,'PPS Badean 3','pps-badean-3','$2y$12$Tj7HM8haLxmsQYNOmjZAtOxqPHWs.AtFpWmI3pWgYiqSnrSmBSDtG','OCRD40',NULL,'2026-02-27 01:06:34','2026-02-27 01:06:34',3,78,'App\\Models\\PPSMember'),(94,'PPS Blimbingsari 1','pps-blimbingsari-1','$2y$12$iOhV.11AHQW3VFkUvn7J6eUBiAE/uX0rFpzx7C4.Oe7AV.y7FHsdO','5PBA52',NULL,'2026-02-27 01:06:34','2026-02-27 01:06:34',3,79,'App\\Models\\PPSMember'),(95,'PPS Blimbingsari 2','pps-blimbingsari-2','$2y$12$x427zY9YDhmzFsA2S5/Nve61QVweFQ9fenvytI4iwolPUd0KZI4Bm','VMV636',NULL,'2026-02-27 01:06:34','2026-02-27 01:06:34',3,80,'App\\Models\\PPSMember'),(96,'PPS Blimbingsari 3','pps-blimbingsari-3','$2y$12$lhKOWkPfbYBWYfkKMKJ1Ye4eybluOf4RbzvZT2RNTsY62Ex/gad2K','AHMG21',NULL,'2026-02-27 01:06:35','2026-02-27 01:06:35',3,81,'App\\Models\\PPSMember'),(97,'PPS Bomo 1','pps-bomo-1','$2y$12$2U7kg2EdwMSzo20cRtzjAuLdU6NM1Ah1bD468wKyT2W14hmZZSkOC','X16F34',NULL,'2026-02-27 01:06:35','2026-02-27 01:06:35',3,82,'App\\Models\\PPSMember'),(98,'PPS Bomo 2','pps-bomo-2','$2y$12$m8WXbHssaLGTdmWZ1RTmSeEnO/p4kpj4u6kHmxW5EoIW1oulEDZLa','IKF396',NULL,'2026-02-27 01:06:35','2026-02-27 01:06:35',3,83,'App\\Models\\PPSMember'),(99,'PPS Bomo 3','pps-bomo-3','$2y$12$qAMQvoHQ8xH5uVLUYvoPq./ivxONpMQOeFehjJ2MIbRAIFWD6SYr6','THJR42',NULL,'2026-02-27 01:06:35','2026-02-27 01:06:35',3,84,'App\\Models\\PPSMember'),(100,'PPS Gintangan 1','pps-gintangan-1','$2y$12$xJB5TOxpAyFIgFa0HkENveCDDBAFOP.tP484TD3vkwIJcqfQs4yrK','V8CG35',NULL,'2026-02-27 01:06:35','2026-02-27 01:06:35',3,85,'App\\Models\\PPSMember'),(101,'PPS Gintangan 2','pps-gintangan-2','$2y$12$ycGmts7nx2dDQQ5zSK.JLuY5VLBhMzcYbBclymRrr8XdZXqsKWeq6','R5WJ58',NULL,'2026-02-27 01:06:36','2026-02-27 01:06:36',3,86,'App\\Models\\PPSMember'),(102,'PPS Gintangan 3','pps-gintangan-3','$2y$12$KFTqSUZoJE2TyLjIXwx1zOsVuE6r6nOuvQCB.Rcpl8CutKrkkTl2a','DKDG97',NULL,'2026-02-27 01:06:36','2026-02-27 01:06:36',3,87,'App\\Models\\PPSMember'),(103,'PPS Kaligung 1','pps-kaligung-1','$2y$12$ANJdh.3p3ghNk31H61DE0u6bEZ0HrXJVNh2PdY3jKz.SxgKWwTcS6','1BFG76',NULL,'2026-02-27 01:06:36','2026-02-27 01:06:36',3,88,'App\\Models\\PPSMember'),(104,'PPS Kaligung 2','pps-kaligung-2','$2y$12$6U4/6hq8H56QKuA6Tx.SHuaQi89s.ZfgUWXu2Lwb4O9ImKj5/InuC','VEHD24',NULL,'2026-02-27 01:06:36','2026-02-27 01:06:36',3,89,'App\\Models\\PPSMember'),(105,'PPS Kaligung 3','pps-kaligung-3','$2y$12$/NSqRKAa3g2GOUzmUCHhZ.Psacj.w.C/UBbVHKA6/VIDiRs3e2S7y','RF5G99',NULL,'2026-02-27 01:06:37','2026-02-27 01:06:37',3,90,'App\\Models\\PPSMember'),(106,'PPS Kaotan 1','pps-kaotan-1','$2y$12$a1bz//dcnEcGs6MCWlKbyOBIq4TuAlVvjsL20Pzv4fuDN5cNFzt3i','XREI14',NULL,'2026-02-27 01:06:37','2026-02-27 01:06:37',3,91,'App\\Models\\PPSMember'),(107,'PPS Kaotan 2','pps-kaotan-2','$2y$12$ob5v3xPwsj4ehzPJcXHcXufpyMlRDWJio4EMygHRGjM7WhYaYm6aa','P0ZM49',NULL,'2026-02-27 01:06:38','2026-02-27 01:06:38',3,92,'App\\Models\\PPSMember'),(108,'PPS Kaotan 3','pps-kaotan-3','$2y$12$F6K4ZO9nVMQat1jzAoDfGOrt.SVhSy/YHLaKeO52rDXdnQLjm/jE.','W6BT84',NULL,'2026-02-27 01:06:38','2026-02-27 01:06:38',3,93,'App\\Models\\PPSMember'),(110,'PPS Patoman 1','pps-patoman-1','$2y$12$GkahPJDVm1NbuGA5KEmHB.Uj6N5AmgHq5YH5nxm/3chn7ZgqBEQ5e','1KS795',NULL,'2026-02-27 01:06:39','2026-02-27 01:06:39',3,95,'App\\Models\\PPSMember'),(111,'PPS Patoman 2','pps-patoman-2','$2y$12$fxxQ6wHEE0ABbFto2MZhHeJDIJ0wlyAtdjsPn36285pqoaEMIRhz6','WLVD29',NULL,'2026-02-27 01:06:40','2026-02-27 01:06:40',3,96,'App\\Models\\PPSMember'),(112,'PPS Patoman 3','pps-patoman-3','$2y$12$AucJEHhH8zLgf5f5L5o4WOWe9Vn5H3K3fqyY9mycRN29F0mAF8HzK','DL7J75',NULL,'2026-02-27 01:06:40','2026-02-27 01:06:40',3,97,'App\\Models\\PPSMember'),(113,'PPS Sukojati 1','pps-sukojati-1','$2y$12$54cU.yaUPig55iw.7SsCguJSYG3BwbS8NiaHIQIddsG0Hpirr31KC','DM1A59',NULL,'2026-02-27 01:06:41','2026-02-27 01:06:41',3,98,'App\\Models\\PPSMember'),(114,'PPS Sukojati 2','pps-sukojati-2','$2y$12$kaqW3ivKLmlW3fWhR/iKXeyGQSqxhRZeFzyg1o63CTO471FRlAyGi','KK5R75',NULL,'2026-02-27 01:06:41','2026-02-27 01:06:41',3,99,'App\\Models\\PPSMember'),(115,'PPS Sukojati 3','pps-sukojati-3','$2y$12$SJZhHnnFro9G4EOdQxVnCOJCPzY8zZE3nFyLPgHJwqUSSyc0cJypS','YPC533',NULL,'2026-02-27 01:06:41','2026-02-27 01:06:41',3,100,'App\\Models\\PPSMember'),(116,'PPS Watukebo 1','pps-watukebo-1','$2y$12$M6IXJ3IksAReKNK.0ZQvdujlKswyL1.fktRxlH.fjp4zKbjtjok3W','MLQK79',NULL,'2026-02-27 01:06:41','2026-02-27 01:06:41',3,101,'App\\Models\\PPSMember'),(117,'PPS Watukebo 2','pps-watukebo-2','$2y$12$MPGaEXgvImKYgdwbwNdb0.qmoIt0GiWrhwFIJ95.aiL81eZ2dvDHe','7N9O38',NULL,'2026-02-27 01:06:41','2026-02-27 01:06:41',3,102,'App\\Models\\PPSMember'),(118,'PPS Watukebo 3','pps-watukebo-3','$2y$12$haMRsXYDwq.U8QtL16N3q.meZCc3wAOt3MSkzyxB6znzJWLj5hs4y','Q3YI51',NULL,'2026-02-27 01:06:42','2026-02-27 01:06:42',3,103,'App\\Models\\PPSMember'),(119,'PPK Cluring 1','ppk-cluring-1','$2y$12$VgOK49wxPMCN.v8mfXzpHOvNCSXy3Zebsvq20EtrTb1YPnTAtV05y','VHIX81',NULL,'2026-02-27 01:06:42','2026-02-27 01:06:42',2,16,'App\\Models\\PPKMember'),(120,'PPK Cluring 2','ppk-cluring-2','$2y$12$TZcGpYNKUiHu1QNa/HBz5O9e0tpdxYNt7oZ/KitERrb4rrnP.QAo.','AEAI62',NULL,'2026-02-27 01:06:42','2026-02-27 01:06:42',2,17,'App\\Models\\PPKMember'),(121,'PPK Cluring 3','ppk-cluring-3','$2y$12$8rtj03X/B6RbOayiYEpxhORGB/3MtvWFoB6xGnPizUg6GPMZ3kYEu','OPVT99',NULL,'2026-02-27 01:06:42','2026-02-27 01:06:42',2,18,'App\\Models\\PPKMember'),(122,'PPK Cluring 4','ppk-cluring-4','$2y$12$/x1Uo1APNYdEkgGlYJArzedjr6EpjQ8q1OBrkB7wRcN5IQ9hQv9da','CWW692',NULL,'2026-02-27 01:06:42','2026-02-27 01:06:42',2,19,'App\\Models\\PPKMember'),(123,'PPK Cluring 5','ppk-cluring-5','$2y$12$ox.s892gJCegIv/F/VjeRezVytNTQ/KA0OzZyyPU2nQvy21AU8mGS','YJWR55',NULL,'2026-02-27 01:06:43','2026-02-27 01:06:43',2,20,'App\\Models\\PPKMember'),(124,'PPS Benculuk 1','pps-benculuk-1','$2y$12$L77t2DK4KeIktLd3lj8/ae2OFUEti0txWPryvsgQuGHIGtidWxckK','COO932',NULL,'2026-02-27 01:06:43','2026-02-27 01:06:43',3,104,'App\\Models\\PPSMember'),(125,'PPS Benculuk 2','pps-benculuk-2','$2y$12$djt5mc7tBQZHBy5NfLtu/O7.u9lNdGZLP31UEwPVLtH5NPJoUYety','8SDU20',NULL,'2026-02-27 01:06:43','2026-02-27 01:06:43',3,105,'App\\Models\\PPSMember'),(126,'PPS Benculuk 3','pps-benculuk-3','$2y$12$0k8MTDZ8K3uzrb8RAMmzHu1r0Jo60geACiPz7QunWAIfdx.tonQGC','ZEIQ77',NULL,'2026-02-27 01:06:43','2026-02-27 01:06:43',3,106,'App\\Models\\PPSMember'),(127,'PPS Cluring 1','pps-cluring-1','$2y$12$Bo8OBsDrFpOgNDLSZVDH.udKdOoVyB.j4lJ/jzTkREqiMp9ttyOre','PKEQ76',NULL,'2026-02-27 01:06:44','2026-02-27 01:06:44',3,107,'App\\Models\\PPSMember'),(128,'PPS Cluring 2','pps-cluring-2','$2y$12$9S78wlKpfAGb8ujPZtlPXOB.FZuZIn33idMkdviHP54f.MkbltPmC','W1JT36',NULL,'2026-02-27 01:06:44','2026-02-27 01:06:44',3,108,'App\\Models\\PPSMember'),(129,'PPS Cluring 3','pps-cluring-3','$2y$12$6R/Gn10mfdquJ.qf3ncF6OBg6l7NfJCxWrIjla1D1vlyRnIks0xkG','CMN623',NULL,'2026-02-27 01:06:44','2026-02-27 01:06:44',3,109,'App\\Models\\PPSMember'),(130,'PPS Kaliploso 1','pps-kaliploso-1','$2y$12$S50O5xhX9jYfEqyCbAd.pOMLjlEX7L9QhoJXe9C4jUJN/tTC1PGM6','U3TW89',NULL,'2026-02-27 01:06:44','2026-02-27 01:06:44',3,110,'App\\Models\\PPSMember'),(131,'PPS Kaliploso 2','pps-kaliploso-2','$2y$12$CaAw9peaEK0.cn5lSmQ6MehCQQqSyrA9MEQvCbp.WEbD2nzYb2aS.','TFBL46',NULL,'2026-02-27 01:06:44','2026-02-27 01:06:44',3,111,'App\\Models\\PPSMember'),(132,'PPS Kaliploso 3','pps-kaliploso-3','$2y$12$zkdi8uMYIJXeDtjDzzXlaea028yPpiW81gmVY27rWSyorekeSpej.','6UJK79',NULL,'2026-02-27 01:06:45','2026-02-27 01:06:45',3,112,'App\\Models\\PPSMember'),(133,'PPS Plampangrejo 1','pps-plampangrejo-1','$2y$12$Qb19L5ORVR8MIyfsM377K.AkidNDVm/5o4YCvaU/swsVIrWwPJD0O','BE5990',NULL,'2026-02-27 01:06:45','2026-02-27 01:06:45',3,113,'App\\Models\\PPSMember'),(134,'PPS Plampangrejo 2','pps-plampangrejo-2','$2y$12$97BtwOiqUPu2dDDmNEIQ..hDfaZeArg00JN7TwTG8/6IRyQ2m7B8S','W8JH17',NULL,'2026-02-27 01:06:45','2026-02-27 01:06:45',3,114,'App\\Models\\PPSMember'),(135,'PPS Plampangrejo 3','pps-plampangrejo-3','$2y$12$gNSXLGTjsSrnj4AJQUG1mum0eSJRufeyyztO2xpmSKiRYYSnnP4oe','VCU738',NULL,'2026-02-27 01:06:45','2026-02-27 01:06:45',3,115,'App\\Models\\PPSMember'),(136,'PPS Sarimulyo 1','pps-sarimulyo-1','$2y$12$6apsM/ryF5w/FBrWH5hWguOKpzBaMzNg2w3tk3H3jkcjAYpZtCkuO','LSX922',NULL,'2026-02-27 01:06:45','2026-02-27 01:06:45',3,116,'App\\Models\\PPSMember'),(137,'PPS Sarimulyo 2','pps-sarimulyo-2','$2y$12$Olxxu2lKLa0mDLvs.sK1K.ejn.h4.6nZgWID4JcOyTCiBN/bWYSx2','59GL50',NULL,'2026-02-27 01:06:46','2026-02-27 01:06:46',3,117,'App\\Models\\PPSMember'),(138,'PPS Sarimulyo 3','pps-sarimulyo-3','$2y$12$SnG8rFz6u1QT/qruo23iuuU8nsExC8dW2imywgSS6C0u7jO1icszC','NWAZ51',NULL,'2026-02-27 01:06:46','2026-02-27 01:06:46',3,118,'App\\Models\\PPSMember'),(139,'PPS Sembulung 1','pps-sembulung-1','$2y$12$QR2gms2ZGF68IVhdkMB4q.fVWnScygV/mhc9RMjuK3QaGho9I6oGG','6YWF20',NULL,'2026-02-27 01:06:46','2026-02-27 01:06:46',3,119,'App\\Models\\PPSMember'),(140,'PPS Sembulung 2','pps-sembulung-2','$2y$12$u6L.8YFFGGe5dRSSsD2Sju9JxW7BXeKuyi1omPZrDq0ZkqV800PWO','CXOJ95',NULL,'2026-02-27 01:06:46','2026-02-27 01:06:46',3,120,'App\\Models\\PPSMember'),(141,'PPS Sembulung 3','pps-sembulung-3','$2y$12$7mL6e94BfZAFPILPDYQ.GujHEyOf7F/IoHgzu1Su9wneZPwQnFpqq','TSQ875',NULL,'2026-02-27 01:06:46','2026-02-27 01:06:46',3,121,'App\\Models\\PPSMember'),(142,'PPS Sraten 1','pps-sraten-1','$2y$12$z1ejFjRbBFvDLykJ5E7zXe4AGDr4p0CGXlvyXm3I/4Pgbc4a79vly','13RT94',NULL,'2026-02-27 01:06:47','2026-02-27 01:06:47',3,122,'App\\Models\\PPSMember'),(143,'PPS Sraten 2','pps-sraten-2','$2y$12$A5uIvF8m5dN4K3/iCYiB6eJEYGPcB80Zp46N1ElP64covpLVe3Gwi','W0YA82',NULL,'2026-02-27 01:06:47','2026-02-27 01:06:47',3,123,'App\\Models\\PPSMember'),(144,'PPS Sraten 3','pps-sraten-3','$2y$12$8wkpoEn5Bldp7.4dUUsXee9Fdy2G6jt.qqJ3lSMoQ8HX.WLWEYinW','WXGD83',NULL,'2026-02-27 01:06:47','2026-02-27 01:06:47',3,124,'App\\Models\\PPSMember'),(145,'PPS Tamanagung 1','pps-tamanagung-1','$2y$12$3kgfR87HtsMFqOtP5G3ecex2csZILZPztQrYzJVTQ3Ur485x2jNr6','TJMQ28',NULL,'2026-02-27 01:06:47','2026-02-27 01:06:47',3,125,'App\\Models\\PPSMember'),(146,'PPS Tamanagung 2','pps-tamanagung-2','$2y$12$ekzOLvRVcgD1X7dO6MgXX.xXPzSIrESoRotQwxEJFZrCWK8qFCICe','JMM729',NULL,'2026-02-27 01:06:48','2026-02-27 01:06:48',3,126,'App\\Models\\PPSMember'),(147,'PPS Tamanagung 3','pps-tamanagung-3','$2y$12$Q6PzLGNepNhnGPsI100/UuewGykMeThNsefQEq272q2pfksEUK0Fa','YXLX18',NULL,'2026-02-27 01:06:48','2026-02-27 01:06:48',3,127,'App\\Models\\PPSMember'),(148,'PPS Tampo 1','pps-tampo-1','$2y$12$gmAjksBn7ADI620wH84JieAR9cALcc30p9CpsdAhKFp972rsA/sEC','HI9558',NULL,'2026-02-27 01:06:48','2026-02-27 01:06:48',3,128,'App\\Models\\PPSMember'),(149,'PPS Tampo 2','pps-tampo-2','$2y$12$b2e1iqox9/oCRWSvvd.LguROIdd2NTcEnx3FeXoW8wqCX1XvMGiVm','EFNB19',NULL,'2026-02-27 01:06:48','2026-02-27 01:06:48',3,129,'App\\Models\\PPSMember'),(150,'PPS Tampo 3','pps-tampo-3','$2y$12$kHIuDfo0MTF8TNuiMsx9beplTRwEGm2Vhnvd/zhkk1D59wgY5Hjga','GUA474',NULL,'2026-02-27 01:06:48','2026-02-27 01:06:48',3,130,'App\\Models\\PPSMember'),(151,'PPK Gambiran 1','ppk-gambiran-1','$2y$12$kGyG9pagREhcNQKR5alcI.uqxaTUKUR0QQghSaW0Cb0RTGyV1eeni','ZOQP94',NULL,'2026-02-27 01:06:49','2026-02-27 01:06:49',2,21,'App\\Models\\PPKMember'),(152,'PPK Gambiran 2','ppk-gambiran-2','$2y$12$WgtgdonL28Vxxx8KhscWZu.bl8/ooCBdEMnCCYCDU6kczvoYMzRCC','TCHK48',NULL,'2026-02-27 01:06:49','2026-02-27 01:06:49',2,22,'App\\Models\\PPKMember'),(153,'PPK Gambiran 3','ppk-gambiran-3','$2y$12$5B3P/bsJaxn3883fZiDFw.GfeWNY0Uw6GN9NZZ023ncUWWU8jbvD2','KURK12',NULL,'2026-02-27 01:06:49','2026-02-27 01:06:49',2,23,'App\\Models\\PPKMember'),(154,'PPK Gambiran 4','ppk-gambiran-4','$2y$12$chDR..8bfkRx.uen00RLdOpBq1KGuHncUiXWfu3B1Alf.tECtXZMq','U3E519',NULL,'2026-02-27 01:06:49','2026-02-27 01:06:49',2,24,'App\\Models\\PPKMember'),(155,'PPK Gambiran 5','ppk-gambiran-5','$2y$12$UaOQRtdz7FtELOdlRoYOFOxt22vz9ns.kI88jZvT9srkmzRfXLNiO','1BPI16',NULL,'2026-02-27 01:06:49','2026-02-27 01:06:49',2,25,'App\\Models\\PPKMember'),(156,'PPS Gambiran 1','pps-gambiran-1','$2y$12$fWqfZ7RWnLH7n3Hb0F1FOuOM6.0GmU4KcIDXSk/hGJKqZ/UaAx5OW','PVOP86',NULL,'2026-02-27 01:06:50','2026-02-27 01:06:50',3,131,'App\\Models\\PPSMember'),(157,'PPS Gambiran 2','pps-gambiran-2','$2y$12$3fJcx371b/dNnK0NTw9dkuzOLRizyiulayMyVyqKUb.4WLd/c3FAC','5ZL090',NULL,'2026-02-27 01:06:50','2026-02-27 01:06:50',3,132,'App\\Models\\PPSMember'),(158,'PPS Gambiran 3','pps-gambiran-3','$2y$12$AGfkIGAZt7vxtcs1dtbJDuLKafjlY1k/VkS8awHQCXH2Kc8cIEDru','AIQV31',NULL,'2026-02-27 01:06:50','2026-02-27 01:06:50',3,133,'App\\Models\\PPSMember'),(159,'PPS Jajag 1','pps-jajag-1','$2y$12$DHfFkoANcZz/oVZHCOIxieYk543sOLZUvbK8ZiWHbFv/8Z2QQEC9.','P9FS55',NULL,'2026-02-27 01:06:50','2026-02-27 01:06:50',3,134,'App\\Models\\PPSMember'),(160,'PPS Jajag 2','pps-jajag-2','$2y$12$J.l93nR.ROd8H1ElRSiY5ubK8uYbGR1ptKDJ0gp1nrg9xsodLdPra','OSYJ71',NULL,'2026-02-27 01:06:51','2026-02-27 01:06:51',3,135,'App\\Models\\PPSMember'),(161,'PPS Jajag 3','pps-jajag-3','$2y$12$ZbeIf.f8BML2vmKNCU7wpupBNz578M3VYC1p6zdn2MZ6VWkUAkGqW','ROBO45',NULL,'2026-02-27 01:06:51','2026-02-27 01:06:51',3,136,'App\\Models\\PPSMember'),(162,'PPS Purwodadi 1','pps-purwodadi-1','$2y$12$VKjI2ZDTd5Gl4QY9MIimSOh/tgq7cOfF61MJTtGH7c7f2k3LanMvC','2NA790',NULL,'2026-02-27 01:06:51','2026-02-27 01:06:51',3,137,'App\\Models\\PPSMember'),(163,'PPS Purwodadi 2','pps-purwodadi-2','$2y$12$XR4snhuuIRi.DqBum1tRIuxCJRrllpl8WRL8RHa5KRYtfDnxm2S26','AXWP61',NULL,'2026-02-27 01:06:51','2026-02-27 01:06:51',3,138,'App\\Models\\PPSMember'),(164,'PPS Purwodadi 3','pps-purwodadi-3','$2y$12$WK.P9bMQVlZwktsCDk4I1uo6PXHzk4YjvkEpQhntrl1/e1bbuInfq','VVVB33',NULL,'2026-02-27 01:06:52','2026-02-27 01:06:52',3,139,'App\\Models\\PPSMember'),(165,'PPS Wringinagung 1','pps-wringinagung-1','$2y$12$w.D6ZsKsop7s6rtwgM3KJOL5jQ0xPMD.g2PDV2Cc0uh9WeiYWcnku','MTRW54',NULL,'2026-02-27 01:06:52','2026-02-27 01:06:52',3,140,'App\\Models\\PPSMember'),(166,'PPS Wringinagung 2','pps-wringinagung-2','$2y$12$j35iaXU3an.fDo3GlqVuiuOL3ccfqI0IDDwB44P27XDq8Goc3Ba.G','3M1T23',NULL,'2026-02-27 01:06:52','2026-02-27 01:06:52',3,141,'App\\Models\\PPSMember'),(167,'PPS Wringinagung 3','pps-wringinagung-3','$2y$12$re6x.0tW4i7GREAUaJ/4yOkF2k5gkHfPzcSAPzK7TVcuq5lPqCvVe','MNYY20',NULL,'2026-02-27 01:06:53','2026-02-27 01:06:53',3,142,'App\\Models\\PPSMember'),(168,'PPS Wringinrejo 1','pps-wringinrejo-1','$2y$12$33xmOX8RX8xWNKK6ikJ8m.LLygIYyzQUivalBNCDBp7ZgznVL9hNO','KNDV74',NULL,'2026-02-27 01:06:53','2026-02-27 01:06:53',3,143,'App\\Models\\PPSMember'),(169,'PPS Wringinrejo 2','pps-wringinrejo-2','$2y$12$adiG.8U2zreIiGP6MdY/neuupSo1nFXr8ZFG8OfjNV9w6OJOBkfka','BBXQ13',NULL,'2026-02-27 01:06:53','2026-02-27 01:06:53',3,144,'App\\Models\\PPSMember'),(170,'PPS Wringinrejo 3','pps-wringinrejo-3','$2y$12$jue5kmMAnpLj5FN6vzNJjOMQTUjBBA.y/9/gLT4zZTTXF8uU7HH7y','JKDL58',NULL,'2026-02-27 01:06:54','2026-02-27 01:06:54',3,145,'App\\Models\\PPSMember'),(171,'PPS Yosomulyo 1','pps-yosomulyo-1','$2y$12$2WhwZNK1yZnXpyseDZFQMu50823DSLL63Hl5s5/GY0lUnw3jBQ3Ay','RMCF75',NULL,'2026-02-27 01:06:54','2026-02-27 01:06:54',3,146,'App\\Models\\PPSMember'),(172,'PPS Yosomulyo 2','pps-yosomulyo-2','$2y$12$r.xT.w.ej7imdqBLhZ9rMu0hm/83MAdalAcayt.M9APXYYcbNo1WS','CXTC18',NULL,'2026-02-27 01:06:54','2026-02-27 01:06:54',3,147,'App\\Models\\PPSMember'),(173,'PPS Yosomulyo 3','pps-yosomulyo-3','$2y$12$RbzssDQUslkXtLbWKHddAeDrk96Qh4kBBG1QYRGvDaaGyTemTWA3G','RLG721',NULL,'2026-02-27 01:06:55','2026-02-27 01:06:55',3,148,'App\\Models\\PPSMember'),(174,'PPK Genteng 1','ppk-genteng-1','$2y$12$9Jyp99r8xzbhGAJeXynvYuN56QzJUYgtMt2EmHjgBXJU81uarTuXa','E32C44',NULL,'2026-02-27 01:06:55','2026-02-27 01:06:55',2,26,'App\\Models\\PPKMember'),(175,'PPK Genteng 2','ppk-genteng-2','$2y$12$fI09.ofNcXWp/QDiyNzU/.7BaShNVeSy72ylLeBLTQJU6PLYceisG','A76D39',NULL,'2026-02-27 01:06:55','2026-02-27 01:06:55',2,27,'App\\Models\\PPKMember'),(176,'PPK Genteng 3','ppk-genteng-3','$2y$12$Anj8/Q/xOvk/ICBY64G2PeeIQLfNTmjv557KmHTsXrih3pXMq/GFG','HE7R31',NULL,'2026-02-27 01:06:55','2026-02-27 01:06:55',2,28,'App\\Models\\PPKMember'),(177,'PPK Genteng 4','ppk-genteng-4','$2y$12$2O3QXse7Uzz3pDl4H.6c8eWrg1/1VG4ksmbsoMXaGstgPXIuY9L3O','UGRU95',NULL,'2026-02-27 01:06:56','2026-02-27 01:06:56',2,29,'App\\Models\\PPKMember'),(178,'PPK Genteng 5','ppk-genteng-5','$2y$12$3g7kg2Z2ZBvxs8jwCJ.uau//rah7fAD/j/YfoQCYMZy/X0MVh9lpC','BGJY39',NULL,'2026-02-27 01:06:56','2026-02-27 01:06:56',2,30,'App\\Models\\PPKMember'),(179,'PPS Genteng Kulon 1','pps-genteng-kulon-1','$2y$12$FvcFIJzQt.yzlQvzZuiJsOMHNYenrYQfaxLlljczPrlbKK30otHOG','0CUZ80',NULL,'2026-02-27 01:06:56','2026-02-27 01:06:56',3,149,'App\\Models\\PPSMember'),(180,'PPS Genteng Kulon 2','pps-genteng-kulon-2','$2y$12$X8yPVBnHa4KFDO9n6qdoReOhs3Kvg8hfUzcB6zKrTrSiAHXF3fjky','NNX357',NULL,'2026-02-27 01:06:57','2026-02-27 01:06:57',3,150,'App\\Models\\PPSMember'),(181,'PPS Genteng Kulon 3','pps-genteng-kulon-3','$2y$12$1RnLhKb6HW0uwyRFCbRZ7.mhFlHeMqHp.YyQ98E3dwNGRphHTNxiq','EH1R10',NULL,'2026-02-27 01:06:57','2026-02-27 01:06:57',3,151,'App\\Models\\PPSMember'),(182,'PPS Genteng Wetan 1','pps-genteng-wetan-1','$2y$12$TIt0tT3ibT/6q/LgoBo3KOYJkmALRxd7tCgIaNWvScDPKMWf0AKpW','7KWQ31',NULL,'2026-02-27 01:06:57','2026-02-27 01:06:57',3,152,'App\\Models\\PPSMember'),(183,'PPS Genteng Wetan 2','pps-genteng-wetan-2','$2y$12$lp/gXjeTtrr0hpZb/4cGdu1wKu3XhQZxLlmXm6b8sgaxKxe3X6zFW','RNWG41',NULL,'2026-02-27 01:06:58','2026-02-27 01:06:58',3,153,'App\\Models\\PPSMember'),(184,'PPS Genteng Wetan 3','pps-genteng-wetan-3','$2y$12$K/yWLdg9TVANaStPx81BR.tNLCJz/Jw8.0z5hVW1z1T46uz0fEsmm','08UL27',NULL,'2026-02-27 01:06:58','2026-02-27 01:06:58',3,154,'App\\Models\\PPSMember'),(185,'PPS Kaligondo 1','pps-kaligondo-1','$2y$12$zcQCjS5Ed.u/cOOBRMbJe.4/XYJW4zKGqQ3ODbV2yNUORxtyJrXpa','PCJO41',NULL,'2026-02-27 01:06:58','2026-02-27 01:06:58',3,155,'App\\Models\\PPSMember'),(186,'PPS Kaligondo 2','pps-kaligondo-2','$2y$12$3iK8ZE1yJ54s3.ZWfExqSeLVjyn4g.fh4R5n9/xdApWfwKin4U/dK','HQUT36',NULL,'2026-02-27 01:06:58','2026-02-27 01:06:58',3,156,'App\\Models\\PPSMember'),(187,'PPS Kaligondo 3','pps-kaligondo-3','$2y$12$WYYW3Z7ZCYbGmCsvST93Be7P0Pg2X7KQFoHRmEC0ZernfedWbSpAO','ALCC73',NULL,'2026-02-27 01:06:59','2026-02-27 01:06:59',3,157,'App\\Models\\PPSMember'),(188,'PPS Kembiritan 1','pps-kembiritan-1','$2y$12$hM.PW9YZjZZN5hS2R.M1CePW8H6w0FPqOPSt9x63GClijNAy7/ycu','N4RQ85',NULL,'2026-02-27 01:06:59','2026-02-27 01:06:59',3,158,'App\\Models\\PPSMember'),(189,'PPS Kembiritan 2','pps-kembiritan-2','$2y$12$I7zjcUT9bqicTUV6R0QlN..FDZhdAWPh3SsWX9UBlWbRsQUh8O7Q.','D26W83',NULL,'2026-02-27 01:06:59','2026-02-27 01:06:59',3,159,'App\\Models\\PPSMember'),(190,'PPS Kembiritan 3','pps-kembiritan-3','$2y$12$e5aP2uTzycd5e.au53CQq.hm7rSM16TWULZQL8/4RM3RqAhSp.v/a','FJH722',NULL,'2026-02-27 01:07:00','2026-02-27 01:07:00',3,160,'App\\Models\\PPSMember'),(191,'PPS Setail 1','pps-setail-1','$2y$12$CfXV0ZyzdKzSSrXDDLfuZezCmsULLe6unRO7uN3zqPQJNcx3ICdj.','UECQ57',NULL,'2026-02-27 01:07:00','2026-02-27 01:07:00',3,161,'App\\Models\\PPSMember'),(192,'PPS Setail 2','pps-setail-2','$2y$12$bXLmYkL.zesydLL2HEWbme28EpOfWxFsLVfCbneoMsoi7dPpMGdYm','BBHV61',NULL,'2026-02-27 01:07:00','2026-02-27 01:07:00',3,162,'App\\Models\\PPSMember'),(193,'PPS Setail 3','pps-setail-3','$2y$12$jTpOy7hZvh/sFsTPfL4KD.H0useROEyGYCwlzCXgj33eOQw3YAoKW','VQ6W24',NULL,'2026-02-27 01:07:01','2026-02-27 01:07:01',3,163,'App\\Models\\PPSMember'),(194,'PPK Giri 1','ppk-giri-1','$2y$12$0srw1BeXlmc47Pk/dER4O.JPbhCUZp.uLHjUTgF0INnPJETJY8sku','6JHJ51',NULL,'2026-02-27 01:07:01','2026-02-27 01:07:01',2,31,'App\\Models\\PPKMember'),(195,'PPK Giri 2','ppk-giri-2','$2y$12$s1YejJbbDbyyqI9qEUDvUubZAWJeDWWHmNprr6ci/YcSDpkpsR0DG','3WSF72',NULL,'2026-02-27 01:07:01','2026-02-27 01:07:01',2,32,'App\\Models\\PPKMember'),(196,'PPK Giri 3','ppk-giri-3','$2y$12$XvPKUSEQBcQypcYELgjxLuqTVrog4FoVLeN2DBAabCeiCaaEn4zqq','MLZZ28',NULL,'2026-02-27 01:07:02','2026-02-27 01:07:02',2,33,'App\\Models\\PPKMember'),(197,'PPK Giri 4','ppk-giri-4','$2y$12$EFY.ciO1F1Z/Kfr/xsIOeuhbaNXDAhzYBXx2IYYY9G9BJxBWprIEa','QYKA16',NULL,'2026-02-27 01:07:02','2026-02-27 01:07:02',2,34,'App\\Models\\PPKMember'),(198,'PPK Giri 5','ppk-giri-5','$2y$12$C5cWMBoIN6AEC6BDB3Bn.ufdUcKZ3KTofHtes6kRbfRruWGQWQqH.','KMKS35',NULL,'2026-02-27 01:07:02','2026-02-27 01:07:02',2,35,'App\\Models\\PPKMember'),(199,'PPS Boyolangu 1','pps-boyolangu-1','$2y$12$vYmx8Fplw7X2ZCpktTWCcOPJl7FBmGriIQDi8LNGmcISdIZwQmsSy','DOJO39',NULL,'2026-02-27 01:07:02','2026-02-27 01:07:02',3,164,'App\\Models\\PPSMember'),(200,'PPS Boyolangu 2','pps-boyolangu-2','$2y$12$.Y1jYU.ynzi./KwUi7j3K.6J7XPuHPcNngnoP9s5q/lzsHaSRX5ey','PTNS97',NULL,'2026-02-27 01:07:03','2026-02-27 01:07:03',3,165,'App\\Models\\PPSMember'),(201,'PPS Boyolangu 3','pps-boyolangu-3','$2y$12$noMmFlK9cW85tcaJFlMRBuLocJM0F.uHXpUjHm5/t1U1JP9CpwpKC','VWL567',NULL,'2026-02-27 01:07:03','2026-02-27 01:07:03',3,166,'App\\Models\\PPSMember'),(202,'PPS Giri 1','pps-giri-1','$2y$12$Z5O3XYmAnXWDUHzQX1C6aePpFJ8JWfU.4BMf0YDAAzAsdL3eV94ci','JIEP71',NULL,'2026-02-27 01:07:03','2026-02-27 01:07:03',3,167,'App\\Models\\PPSMember'),(203,'PPS Giri 2','pps-giri-2','$2y$12$BHBVCgmeSv1ZmJdWlbCTWOJPk28uOXQJB2mYxMy4FT4G9pA7x6l7y','MHRL99',NULL,'2026-02-27 01:07:04','2026-02-27 01:07:04',3,168,'App\\Models\\PPSMember'),(204,'PPS Giri 3','pps-giri-3','$2y$12$YGoU4.XztSK2hmSbZ1amvuF/b85bERyw7huwA/mWi92BF9KFlBd0K','AYGJ94',NULL,'2026-02-27 01:07:04','2026-02-27 01:07:04',3,169,'App\\Models\\PPSMember'),(205,'PPS Grogol 1','pps-grogol-1','$2y$12$FKrIqVtvjEtoZYnRHsTLjeKSycbcDF0QPkp8iz5XMe.0lm7aKgtLC','G0GH69',NULL,'2026-02-27 01:07:04','2026-02-27 01:07:04',3,170,'App\\Models\\PPSMember'),(206,'PPS Grogol 2','pps-grogol-2','$2y$12$eQeBEsojwPI7Mpd8iQmx4uXl1eug2Ur.F641Mb0F3tfL/in9yF4be','JWUT23',NULL,'2026-02-27 01:07:05','2026-02-27 01:07:05',3,171,'App\\Models\\PPSMember'),(207,'PPS Grogol 3','pps-grogol-3','$2y$12$Mp/OmaIoFEtOxj5ugA5zIuz.7AeUK7dTbWGhbfo0A4.dytVsNLnTy','SU0J88',NULL,'2026-02-27 01:07:05','2026-02-27 01:07:05',3,172,'App\\Models\\PPSMember'),(208,'PPS Jambesari 1','pps-jambesari-1','$2y$12$9jK/XCQ.wMCbvUfjvstF7.XxQWy3OAAwQtMB3o90Sg8T74g8MVDdK','W3KU81',NULL,'2026-02-27 01:07:05','2026-02-27 01:07:05',3,173,'App\\Models\\PPSMember'),(209,'PPS Jambesari 2','pps-jambesari-2','$2y$12$XyuHEmgOx2xEYWyW0vDx0ORaGVaLci70K3NDMO2Dr8armiHFCDF/O','MOC456',NULL,'2026-02-27 01:07:06','2026-02-27 01:07:06',3,174,'App\\Models\\PPSMember'),(210,'PPS Jambesari 3','pps-jambesari-3','$2y$12$ENuHqAa4QEYG3G3SDPJdTuPAKu9l3umkboFGD6Y7ns3urFonygUpG','DDIB71',NULL,'2026-02-27 01:07:06','2026-02-27 01:07:06',3,175,'App\\Models\\PPSMember'),(211,'PPS Mojopanggung 1','pps-mojopanggung-1','$2y$12$6WuJiShR40OifeeKKnSue.UuPjW6aB7k.h8G1TzIKIApKA6fONEpW','T4HJ81',NULL,'2026-02-27 01:07:06','2026-02-27 01:07:06',3,176,'App\\Models\\PPSMember'),(212,'PPS Mojopanggung 2','pps-mojopanggung-2','$2y$12$wEimpRciFmxj34xLxYBudOWvB5XJ2KDIQnEDydiT.dO/OxtuDFk7G','ULNV69',NULL,'2026-02-27 01:07:07','2026-02-27 01:07:07',3,177,'App\\Models\\PPSMember'),(213,'PPS Mojopanggung 3','pps-mojopanggung-3','$2y$12$Am8G3U7xZmxX2ol0KNrumeT0JSDyFQFYXF4qntUnfhLf2gpTlTDXO','TO2O95',NULL,'2026-02-27 01:07:07','2026-02-27 01:07:07',3,178,'App\\Models\\PPSMember'),(214,'PPS Penataban 1','pps-penataban-1','$2y$12$EmWvAkyKovOtb273pmYbkOiQrY4mRTaIcn.PdRHfF5NbXtS82P/My','WMIA40',NULL,'2026-02-27 01:07:07','2026-02-27 01:07:07',3,179,'App\\Models\\PPSMember'),(215,'PPS Penataban 2','pps-penataban-2','$2y$12$k5IiOnYvOiLpfO61I8ecA.16wJfYer/tpYwPX0F9gdhAzGMS7I5mK','SM7G82',NULL,'2026-02-27 01:07:07','2026-02-27 01:07:07',3,180,'App\\Models\\PPSMember'),(216,'PPS Penataban 3','pps-penataban-3','$2y$12$CfJ9oGcf4jj7/bj8o10UveMq1QQ0jnbVPSaF4IGxHUwAIRDbL2v56','GF6X19',NULL,'2026-02-27 01:07:08','2026-02-27 01:07:08',3,181,'App\\Models\\PPSMember'),(217,'PPK Glagah 1','ppk-glagah-1','$2y$12$4t.k1d4KoZb5ccGhYv5n5uaVPZjRrZUDpGU03wbvLyIguu0HtHrUK','MCGR29',NULL,'2026-02-27 01:07:08','2026-02-27 01:07:08',2,36,'App\\Models\\PPKMember'),(218,'PPK Glagah 2','ppk-glagah-2','$2y$12$bih2345dB5Wc4zlURSGaHu6J4JwmDBSADtrReFc6kPcQ5sH2SEEoK','TT1P76',NULL,'2026-02-27 01:07:08','2026-02-27 01:07:08',2,37,'App\\Models\\PPKMember'),(219,'PPK Glagah 3','ppk-glagah-3','$2y$12$TrOUZCT1ZhRYz3N5a1gwXe.Rh3ufPseQLOgpgjxw.BTDF.wWuWNHC','XGJG97',NULL,'2026-02-27 01:07:09','2026-02-27 01:07:09',2,38,'App\\Models\\PPKMember'),(220,'PPK Glagah 4','ppk-glagah-4','$2y$12$8XF9o9DUn/wnX8tVMcDjw.CXveeLSZmfEHJOgd/jwVqgv19nyQorK','QYK370',NULL,'2026-02-27 01:07:09','2026-02-27 01:07:09',2,39,'App\\Models\\PPKMember'),(221,'PPK Glagah 5','ppk-glagah-5','$2y$12$CCMbScWrys8iybU5cqkDsuHYa3oaxVB9xBPhqX51VnrHrmBCO998.','LTHR28',NULL,'2026-02-27 01:07:09','2026-02-27 01:07:09',2,40,'App\\Models\\PPKMember'),(222,'PPS Bakungan 1','pps-bakungan-1','$2y$12$r9Ec.gkSgKsJO/7Up6zRdOPzbZ5gDrtljB8ktHnDpbw4A8jDRlh7m','OWOX88',NULL,'2026-02-27 01:07:10','2026-02-27 01:07:10',3,182,'App\\Models\\PPSMember'),(223,'PPS Bakungan 2','pps-bakungan-2','$2y$12$U1VqXQGU8/YNqjRj0fhnX.zzsAHUNbgn88FoYj4hnRDZ9D/J271N6','EVSD45',NULL,'2026-02-27 01:07:10','2026-02-27 01:07:10',3,183,'App\\Models\\PPSMember'),(224,'PPS Bakungan 3','pps-bakungan-3','$2y$12$zksyYBMMG.5XzTaYGn1iNeadNNMuRBDXN3Dr4v18A49KxQLFmcPWu','5FVU71',NULL,'2026-02-27 01:07:10','2026-02-27 01:07:10',3,184,'App\\Models\\PPSMember'),(225,'PPS Banjarsari 1','pps-banjarsari-1','$2y$12$jyJ.xfcYRgWb0o2vzzecreGSVGYMBIgdZAv5taa.Jdkp.t47qFUBq','KCZI30',NULL,'2026-02-27 01:07:10','2026-02-27 01:07:10',3,185,'App\\Models\\PPSMember'),(226,'PPS Banjarsari 2','pps-banjarsari-2','$2y$12$3KPYFbxRLhQH2i3rQ/6WbuUz.v.P25lKY8NliEBhZQqPKqZxB0W/W','C8JD54',NULL,'2026-02-27 01:07:11','2026-02-27 01:07:11',3,186,'App\\Models\\PPSMember'),(227,'PPS Banjarsari 3','pps-banjarsari-3','$2y$12$GckRNkTyYvVPmHojEDtVFedfX411UIQfaDzz4SXn31H9XnkHVrjwq','X7UO64',NULL,'2026-02-27 01:07:11','2026-02-27 01:07:11',3,187,'App\\Models\\PPSMember'),(228,'PPS Glagah 1','pps-glagah-1','$2y$12$JqOyUqQWWEEjcSXgaZBxq.1K.bYZELXV8jMQfhzSPExyhYa3CrukO','VGPG67',NULL,'2026-02-27 01:07:11','2026-02-27 01:07:11',3,188,'App\\Models\\PPSMember'),(229,'PPS Glagah 2','pps-glagah-2','$2y$12$9Z2LTksxgzOLrhrmavtfpuy0NSMDKnez8unFPenpjqGXdwAhyLQpO','ONSH10',NULL,'2026-02-27 01:07:12','2026-02-27 01:07:12',3,189,'App\\Models\\PPSMember'),(230,'PPS Glagah 3','pps-glagah-3','$2y$12$dIEKJnepFH6EHFLdhgDSL.APjUTVeS5alVpVdi9ctuTQJJqBsXve6','YCQK55',NULL,'2026-02-27 01:07:12','2026-02-27 01:07:12',3,190,'App\\Models\\PPSMember'),(231,'PPS Kampunganyar 1','pps-kampunganyar-1','$2y$12$iaRE8tCc031Gadnw0o/upu1QbAM6p.0e1V6BhMlkf4y2kU17c3aVS','AIHT84',NULL,'2026-02-27 01:07:13','2026-02-27 01:07:13',3,191,'App\\Models\\PPSMember'),(232,'PPS Kampunganyar 2','pps-kampunganyar-2','$2y$12$ZQFYfpahyz2OwsTGub.CWOw.Na8Zd0E0LTMFEIWuZEDxYlWBsiaee','RF6299',NULL,'2026-02-27 01:07:13','2026-02-27 01:07:13',3,192,'App\\Models\\PPSMember'),(233,'PPS Kampunganyar 3','pps-kampunganyar-3','$2y$12$fEXVZR3bVU4L7sibi2b8LOrnTi3jh0tdSfGrlpJXIF3Z7LBkUPhdy','859Q14',NULL,'2026-02-27 01:07:13','2026-02-27 01:07:13',3,193,'App\\Models\\PPSMember'),(234,'PPS Kemiren 1','pps-kemiren-1','$2y$12$E96vFS7mxGbo8tRDlguhRu2eFZ.tw5d4ircyIqKBByH3xBrixypEO','6SC862',NULL,'2026-02-27 01:07:13','2026-02-27 01:07:13',3,194,'App\\Models\\PPSMember'),(235,'PPS Kemiren 2','pps-kemiren-2','$2y$12$kt9a1IFaEpjXv6YzB/BJFukt1musYdpLfgCajWxWUfASVoUEvvIBG','7U5O84',NULL,'2026-02-27 01:07:14','2026-02-27 01:07:14',3,195,'App\\Models\\PPSMember'),(236,'PPS Kemiren 3','pps-kemiren-3','$2y$12$HkKdwUtmyxDvdrdU.KggKeHlisW29NcxcS3agh5DZTKXk5ZvOslsq','ZR7I77',NULL,'2026-02-27 01:07:14','2026-02-27 01:07:14',3,196,'App\\Models\\PPSMember'),(237,'PPS Kenjo 1','pps-kenjo-1','$2y$12$ZHWl8vzFmywzpaLD2imTKuDqH5FXamoZ/9yI1ppn5aqS57SRWqH.C','AXNL73',NULL,'2026-02-27 01:07:14','2026-02-27 01:07:14',3,197,'App\\Models\\PPSMember'),(238,'PPS Kenjo 2','pps-kenjo-2','$2y$12$hgrCJIXWpz2Ip4CwfxVdxucXOR6lCb6kIEP.hOeN7YdSPrCRdPGP2','XXXY96',NULL,'2026-02-27 01:07:15','2026-02-27 01:07:15',3,198,'App\\Models\\PPSMember'),(239,'PPS Kenjo 3','pps-kenjo-3','$2y$12$0Rdf6kQNxviUQYqMcX5ELOedsKYbjxTUz0zbiUtaAslQok9HDh0JC','OT6345',NULL,'2026-02-27 01:07:15','2026-02-27 01:07:15',3,199,'App\\Models\\PPSMember'),(240,'PPS Olehsari 1','pps-olehsari-1','$2y$12$JgDN9QollA2SQWSH3koBdeln.hmnsZakZgun4Bat1qxA.1tLE83ui','JNCB43',NULL,'2026-02-27 01:07:15','2026-02-27 01:07:15',3,200,'App\\Models\\PPSMember'),(241,'PPS Olehsari 2','pps-olehsari-2','$2y$12$B0.HLkhsBku04TytzRn.huxbvZPPjR/TGUF/PIxCQnXifKnOeNs1i','KATO10',NULL,'2026-02-27 01:07:16','2026-02-27 01:07:16',3,201,'App\\Models\\PPSMember'),(242,'PPS Olehsari 3','pps-olehsari-3','$2y$12$59r5aKJVQ5f/aFtz/OIVXesuosI8KWQwh8HM.dWviejNADjYhhHrK','3MP286',NULL,'2026-02-27 01:07:16','2026-02-27 01:07:16',3,202,'App\\Models\\PPSMember'),(243,'PPS Paspan 1','pps-paspan-1','$2y$12$81wu9RO45c3oJL8eMm53b.Kqh502nLPU0Fs2IU6p72ZvSeZ7jh0TS','MIE984',NULL,'2026-02-27 01:07:16','2026-02-27 01:07:16',3,203,'App\\Models\\PPSMember'),(244,'PPS Paspan 2','pps-paspan-2','$2y$12$ixrZLz3MN4d71/6AJtx.deAoMD7zgVRoaqXLCCdW4d84Et6KlcMcy','RYWR52',NULL,'2026-02-27 01:07:17','2026-02-27 01:07:17',3,204,'App\\Models\\PPSMember'),(245,'PPS Paspan 3','pps-paspan-3','$2y$12$6UFtnSlMdr2GTarcexcTt./qbMVIO8uPLXKspXE72T8PCVtMjmslO','RWSX78',NULL,'2026-02-27 01:07:17','2026-02-27 01:07:17',3,205,'App\\Models\\PPSMember'),(246,'PPS Rejosari 1','pps-rejosari-1','$2y$12$avbTwuZwno8Atgok4OIkjuV2CZGbZ2GBFI22Yo.9TJlQERdYQGHdC','DDY073',NULL,'2026-02-27 01:07:17','2026-02-27 01:07:17',3,206,'App\\Models\\PPSMember'),(247,'PPS Rejosari 2','pps-rejosari-2','$2y$12$7fH.bJnAmfbAw9gTDSxhFevOo6LbmLoR30WDtmk5e3vNyIo.zN.oW','Z6QO37',NULL,'2026-02-27 01:07:17','2026-02-27 01:07:17',3,207,'App\\Models\\PPSMember'),(248,'PPS Rejosari 3','pps-rejosari-3','$2y$12$vk321bWtGXM.0USe4cNUE.L5/qzFnMYuarg3P8ROzFxSaDTEHZRsK','OZUL92',NULL,'2026-02-27 01:07:18','2026-02-27 01:07:18',3,208,'App\\Models\\PPSMember'),(249,'PPS Tamansuruh 1','pps-tamansuruh-1','$2y$12$bI6R1BV8epyCxAE4.e267enwQmpGQz3enQALIagJS/mbMktPdW6ju','AC4Q60',NULL,'2026-02-27 01:07:18','2026-02-27 01:07:18',3,209,'App\\Models\\PPSMember'),(250,'PPS Tamansuruh 2','pps-tamansuruh-2','$2y$12$ZOoQzzfVoBWWRMysFAcRCeBWieRn9rbJAVacUBLY9WtdRYEH.nzpK','D8AZ30',NULL,'2026-02-27 01:07:18','2026-02-27 01:07:18',3,210,'App\\Models\\PPSMember'),(251,'PPS Tamansuruh 3','pps-tamansuruh-3','$2y$12$thOegV0B3eNgGh5qW6XiQeSFMsZuBQUywh2o5KrGdoFjaCj.MOm6m','L6Q330',NULL,'2026-02-27 01:07:19','2026-02-27 01:07:19',3,211,'App\\Models\\PPSMember'),(252,'PPK Glenmore 1','ppk-glenmore-1','$2y$12$zR/EJxg5UN0hY58HIXbWReTotQifKWqi5pEy6QBuya0.hy0TTjg7y','UXZO84',NULL,'2026-02-27 01:07:19','2026-02-27 01:07:19',2,41,'App\\Models\\PPKMember'),(253,'PPK Glenmore 2','ppk-glenmore-2','$2y$12$5HBk9E28e.uaZoBhqAYrA.Mvd7ksCPJfRICvht7c9B3LvCFnbKche','UM5316',NULL,'2026-02-27 01:07:19','2026-02-27 01:07:19',2,42,'App\\Models\\PPKMember'),(254,'PPK Glenmore 3','ppk-glenmore-3','$2y$12$ZRlTHTreL9.5mYLVp0ACKOM6a4H/PEtFXNBbqO6.M97f47g/liZka','V4EC44',NULL,'2026-02-27 01:07:20','2026-02-27 01:07:20',2,43,'App\\Models\\PPKMember'),(255,'PPK Glenmore 4','ppk-glenmore-4','$2y$12$Z2OVbaOHoWedkJxBjBC9l.A4Rvrk.vB92PNtTYZKivXlGC7Ptd9Wa','FPO435',NULL,'2026-02-27 01:07:20','2026-02-27 01:07:20',2,44,'App\\Models\\PPKMember'),(256,'PPK Glenmore 5','ppk-glenmore-5','$2y$12$WSIujGIiIdD1pnhqkVBXQ.wkHfz8renY1Dx8dIgDfFDT0U5SI4SBC','OA5D31',NULL,'2026-02-27 01:07:20','2026-02-27 01:07:20',2,45,'App\\Models\\PPKMember'),(257,'PPS Bumiharjo 1','pps-bumiharjo-1','$2y$12$PcqpWrPY91OiDuG8RqOb1.U9hIcin8q.JUuM73vgUveZs/EAnDBEi','HMXB58',NULL,'2026-02-27 01:07:21','2026-02-27 01:07:21',3,212,'App\\Models\\PPSMember'),(258,'PPS Bumiharjo 2','pps-bumiharjo-2','$2y$12$xhSzGjJ0zp0I1AbPplKije8F0GgMl/7yhb.Oui125bb1K7HtDqB8C','IWRV72',NULL,'2026-02-27 01:07:21','2026-02-27 01:07:21',3,213,'App\\Models\\PPSMember'),(259,'PPS Bumiharjo 3','pps-bumiharjo-3','$2y$12$iR1pot.yUbJop6Fv6vP8O.M5Abx/WO65SXzffynvFEXxJA/Gl6Gyi','Q8QI39',NULL,'2026-02-27 01:07:21','2026-02-27 01:07:21',3,214,'App\\Models\\PPSMember'),(260,'PPS Karangharjo 1','pps-karangharjo-1','$2y$12$xNftMxeuvUPH7KnwPcvGP.twK2I5jHkP.75Ri3f.XMMJkhW6eJ0YO','PPV765',NULL,'2026-02-27 01:07:22','2026-02-27 01:07:22',3,215,'App\\Models\\PPSMember'),(261,'PPS Karangharjo 2','pps-karangharjo-2','$2y$12$sGu4ZrG7YfmNr40FWuGVTOZLquGVwA5hCdxdTQCh8SODJ6uYC1uyC','BWOU81',NULL,'2026-02-27 01:07:22','2026-02-27 01:07:22',3,216,'App\\Models\\PPSMember'),(262,'PPS Karangharjo 3','pps-karangharjo-3','$2y$12$kz4iBJE7ntqXqI7davw.NOZsQxAwsjjSMELGNi8o5nqrbvzy8tOs.','MKYM81',NULL,'2026-02-27 01:07:22','2026-02-27 01:07:22',3,217,'App\\Models\\PPSMember'),(263,'PPS Margomulyo 1','pps-margomulyo-1','$2y$12$n5eoIX1/GPqxm2h9aiyQkOgVYEtzLms9FxhqP.lM6SqmLz0IrzZKS','SNBX40',NULL,'2026-02-27 01:07:23','2026-02-27 01:07:23',3,218,'App\\Models\\PPSMember'),(264,'PPS Margomulyo 2','pps-margomulyo-2','$2y$12$7.CbgiRLkZgXmB6fjmRWW.yyci0yrh/TjIuw0CSd0UyMkt0qJ5bia','EQ2T52',NULL,'2026-02-27 01:07:23','2026-02-27 01:07:23',3,219,'App\\Models\\PPSMember'),(265,'PPS Margomulyo 3','pps-margomulyo-3','$2y$12$8J.6346Dh2fRWwC1AkyPg.78KbTdrtFN96wfVEFrUHbOfCXW4Z5bu','DV7W16',NULL,'2026-02-27 01:07:23','2026-02-27 01:07:23',3,220,'App\\Models\\PPSMember'),(266,'PPS Sepanjang 1','pps-sepanjang-1','$2y$12$jPKAoOiG6KN635eW/Y6WluxoACtnLvbnANdDYHlLDYBkKOlkKKCiS','DVY187',NULL,'2026-02-27 01:07:23','2026-02-27 01:07:23',3,221,'App\\Models\\PPSMember'),(267,'PPS Sepanjang 2','pps-sepanjang-2','$2y$12$VUizVi8ONLqPeVIOWgvI7ehVQxJebFNjGKVvd7XTrz6/wNzAuSJyK','9KZJ58',NULL,'2026-02-27 01:07:24','2026-02-27 01:07:24',3,222,'App\\Models\\PPSMember'),(268,'PPS Sepanjang 3','pps-sepanjang-3','$2y$12$n8B3h150CnPGAbZGv262RendBcWx/qpyIG2JsUuWtW0WyIV5yMf/K','AKWV64',NULL,'2026-02-27 01:07:24','2026-02-27 01:07:24',3,223,'App\\Models\\PPSMember'),(269,'PPS Sumbergondo 1','pps-sumbergondo-1','$2y$12$FhrVASP.o.JFkyASa97XRu79a/Hl1jWLgR/jGqIjzFUMied3nQyMG','JWTG99',NULL,'2026-02-27 01:07:24','2026-02-27 01:07:24',3,224,'App\\Models\\PPSMember'),(270,'PPS Sumbergondo 2','pps-sumbergondo-2','$2y$12$m.YaJZyPuYz0Uldp5tkRjegtVoi8SuevoyyMzMXMT4ZFZisWg.Y6G','6RDE60',NULL,'2026-02-27 01:07:25','2026-02-27 01:07:25',3,225,'App\\Models\\PPSMember'),(271,'PPS Sumbergondo 3','pps-sumbergondo-3','$2y$12$WEqb6JhCjO86tFS0P4NfMOGvLJkxFeonkk02j79WEZECFUB7sSxo2','7WLM66',NULL,'2026-02-27 01:07:25','2026-02-27 01:07:25',3,226,'App\\Models\\PPSMember'),(272,'PPS Tegalharjo 1','pps-tegalharjo-1','$2y$12$6SgPIVogw3F.rwH6yBuQj.p8S5CcJ.2U7/PcGKCeeEDA2Jv.OhQua','HXUN56',NULL,'2026-02-27 01:07:25','2026-02-27 01:07:25',3,227,'App\\Models\\PPSMember'),(273,'PPS Tegalharjo 2','pps-tegalharjo-2','$2y$12$WWkPNVraziwW/37h3yyK0u7psLXgrsGxCSkfMkdkg1whbGaNZQXwW','YEVC83',NULL,'2026-02-27 01:07:26','2026-02-27 01:07:26',3,228,'App\\Models\\PPSMember'),(274,'PPS Tegalharjo 3','pps-tegalharjo-3','$2y$12$XHXnSeG7n5lcbtrIxTbeROlQ6Bi9c7NZdRQ5TQjj.cpb6ZdP8r46C','3Z7A76',NULL,'2026-02-27 01:07:26','2026-02-27 01:07:26',3,229,'App\\Models\\PPSMember'),(275,'PPS Tulungrejo 1','pps-tulungrejo-1','$2y$12$mbueqGHpG1oU1E6XRsVjA.T6dwpopwZh/w/9/Maiz8vvaKVllpM6K','BPCV89',NULL,'2026-02-27 01:07:26','2026-02-27 01:07:26',3,230,'App\\Models\\PPSMember'),(276,'PPS Tulungrejo 2','pps-tulungrejo-2','$2y$12$/doKaGDEr6z3l/Dem.CMBOmOpnU1Y8VLGsHxwDryjaWVxPUrMnngy','JXXJ39',NULL,'2026-02-27 01:07:26','2026-02-27 01:07:26',3,231,'App\\Models\\PPSMember'),(277,'PPS Tulungrejo 3','pps-tulungrejo-3','$2y$12$ZjR234gfP7Wk.ylj5Y4I/.SjKsCKVia3t.ioRSpYpYDkc24Tqy9hO','PUAD91',NULL,'2026-02-27 01:07:27','2026-02-27 01:07:27',3,232,'App\\Models\\PPSMember'),(278,'PPK Kabat 1','ppk-kabat-1','$2y$12$eN2sb3ykgPcm6JOLZloF/.D3BqnkZjiu8mO6/sfPQnaLWV4V3DCe.','8SV584',NULL,'2026-02-27 01:07:27','2026-02-27 01:07:27',2,46,'App\\Models\\PPKMember'),(279,'PPK Kabat 2','ppk-kabat-2','$2y$12$OGLOyhG/zq24y.4yeVZOt.Nnq5tFlNlADOFPGWVTB03apgwOHXc7O','WWRT55',NULL,'2026-02-27 01:07:27','2026-02-27 01:07:27',2,47,'App\\Models\\PPKMember'),(280,'PPK Kabat 3','ppk-kabat-3','$2y$12$PA/unuY86ucrO/QfcVULxuDV8J6tTHddepCAOZVshzcg4GMDt.cEC','6CK047',NULL,'2026-02-27 01:07:28','2026-02-27 01:07:28',2,48,'App\\Models\\PPKMember'),(281,'PPK Kabat 4','ppk-kabat-4','$2y$12$9rt4diD3ahwRlnuv2D.jvu1qXYf6qB5DZt4R6OnOkJOQsQbEMooo.','KBBY57',NULL,'2026-02-27 01:07:28','2026-02-27 01:07:28',2,49,'App\\Models\\PPKMember'),(282,'PPK Kabat 5','ppk-kabat-5','$2y$12$KIDfdmbmjayFyCwMn13K.uAORIyU9liS6wiYG0ziE9rA.RQa.pN5W','OF5K44',NULL,'2026-02-27 01:07:28','2026-02-27 01:07:28',2,50,'App\\Models\\PPKMember'),(283,'PPS Bareng 1','pps-bareng-1','$2y$12$D4PN0MNRZUEnY04VxWqV5uapAjYDf0GQmpzjVRqfLF4x6ZxxF4K.y','H3T744',NULL,'2026-02-27 01:07:29','2026-02-27 01:07:29',3,233,'App\\Models\\PPSMember'),(284,'PPS Bareng 2','pps-bareng-2','$2y$12$JcwnoonNfNwjYNI9iWUS0Oz5xrWYIsjQRihcs2reEmTDDzpP4Gkgy','V3YC46',NULL,'2026-02-27 01:07:29','2026-02-27 01:07:29',3,234,'App\\Models\\PPSMember'),(285,'PPS Bareng 3','pps-bareng-3','$2y$12$/nd24kW85joyE19U87Oo5eyzzHHWbKbuyq/ShHVZ/MF4kZdxzQbJW','DAHN48',NULL,'2026-02-27 01:07:29','2026-02-27 01:07:29',3,235,'App\\Models\\PPSMember'),(286,'PPS Benelan Lor 1','pps-benelan-lor-1','$2y$12$2rga8ScZ/q.yzTesJtVWgOGSe1bB./Dnr63cUqa3u1MAMDPC7SAsW','DSN999',NULL,'2026-02-27 01:07:29','2026-02-27 01:07:29',3,236,'App\\Models\\PPSMember'),(287,'PPS Benelan Lor 2','pps-benelan-lor-2','$2y$12$MmzOBjKkgsVZWP7Ght9J1u56MaE6xjQaRwUh.jiUKJlEiUneIEcOK','DYNP89',NULL,'2026-02-27 01:07:30','2026-02-27 01:07:30',3,237,'App\\Models\\PPSMember'),(288,'PPS Benelan Lor 3','pps-benelan-lor-3','$2y$12$MArNtzUex4msfPVMKLCX8ebFFc1WstYdWtshvUyglsLzw1i.G5/pC','USFT53',NULL,'2026-02-27 01:07:30','2026-02-27 01:07:30',3,238,'App\\Models\\PPSMember'),(289,'PPS Bunder 1','pps-bunder-1','$2y$12$1LPsEsONUM.piFX52bu0SefEf2V.FsuUtvzMsF6Bg3.a3gMgPhtQi','TUQT51',NULL,'2026-02-27 01:07:30','2026-02-27 01:07:30',3,239,'App\\Models\\PPSMember'),(290,'PPS Bunder 2','pps-bunder-2','$2y$12$GA11l6pM/h1xFRi5HjK82.MQw16R4hYmG3uCx9cfoVpTsQEWYxk3W','NYVN99',NULL,'2026-02-27 01:07:31','2026-02-27 01:07:31',3,240,'App\\Models\\PPSMember'),(291,'PPS Bunder 3','pps-bunder-3','$2y$12$vuskDo6TACs1z92uO4/LluzBuFBFyKdyrYmecOsKNzN0jTrJSrreu','MKT051',NULL,'2026-02-27 01:07:31','2026-02-27 01:07:31',3,241,'App\\Models\\PPSMember'),(292,'PPS Dadapan 1','pps-dadapan-1','$2y$12$GmvJ5nJH5EBGcFCtsgKu0.ArMLhOhGNJrP8cc9d9wCYJGPM2Dqfh.','J3BI90',NULL,'2026-02-27 01:07:31','2026-02-27 01:07:31',3,242,'App\\Models\\PPSMember'),(293,'PPS Dadapan 2','pps-dadapan-2','$2y$12$1lXxGarF9jxr1IlNxADVkORqYsYnlqVeT1v5ZrRClWkZ92sM0JA52','JHIS72',NULL,'2026-02-27 01:07:32','2026-02-27 01:07:32',3,243,'App\\Models\\PPSMember'),(294,'PPS Dadapan 3','pps-dadapan-3','$2y$12$3B530Xhu7BGL9xr61Zn8s.fAvqYKYBpKzRWPmDa3Xk0xgV/zNl6DO','VW4O80',NULL,'2026-02-27 01:07:32','2026-02-27 01:07:32',3,244,'App\\Models\\PPSMember'),(295,'PPS Gombolirang 1','pps-gombolirang-1','$2y$12$KYacklFyNgAZANr57WrQdePKMQFqRq1hCbXrl3d6Htv5QJyIb.y.S','9INW20',NULL,'2026-02-27 01:07:32','2026-02-27 01:07:32',3,245,'App\\Models\\PPSMember'),(296,'PPS Gombolirang 2','pps-gombolirang-2','$2y$12$.4Gszx7MVYQs53AGVE0jiOO1SDDTvKFa6dcRmAgvpWTCbmH392EMe','CL6534',NULL,'2026-02-27 01:07:32','2026-02-27 01:07:32',3,246,'App\\Models\\PPSMember'),(297,'PPS Gombolirang 3','pps-gombolirang-3','$2y$12$3rPdPkmWSVOAajJKywnW6Ox8aye8suzVAtFe0XbCV/3hTUPw4CQDK','P64T66',NULL,'2026-02-27 01:07:33','2026-02-27 01:07:33',3,247,'App\\Models\\PPSMember'),(298,'PPS Kabat 1','pps-kabat-1','$2y$12$/.VF2yI1Xqsm2FP7WoqMSOJJOj/Q0ni3mLIPQqf8JDCjnbh9mUAEC','MBQ148',NULL,'2026-02-27 01:07:33','2026-02-27 01:07:33',3,248,'App\\Models\\PPSMember'),(299,'PPS Kabat 2','pps-kabat-2','$2y$12$n6oHgzdqQH1IoT0DC6TSv.AJOOcPb3BIENaIRdeKAmv5p9N4NvJ0m','IGFY36',NULL,'2026-02-27 01:07:33','2026-02-27 01:07:33',3,249,'App\\Models\\PPSMember'),(300,'PPS Kabat 3','pps-kabat-3','$2y$12$V/rById0HdPQ5Lv/3FRMVO/LdB25/1KvEvoVBXJbQuzNTlXtTbDuO','IRP617',NULL,'2026-02-27 01:07:34','2026-02-27 01:07:34',3,250,'App\\Models\\PPSMember'),(301,'PPS Kalirejo 1','pps-kalirejo-1','$2y$12$PHHVWQop4svh6nWTcSTGO.wvOx1ADTw37A8vNqUkhjm3OPpW1Gimy','QMDF64',NULL,'2026-02-27 01:07:34','2026-02-27 01:07:34',3,251,'App\\Models\\PPSMember'),(302,'PPS Kalirejo 2','pps-kalirejo-2','$2y$12$7VDIgdbrh.wS2wT1clfdROOe6L69aibgDR5li.AFO/zACyWl.9QvO','JLMR65',NULL,'2026-02-27 01:07:34','2026-02-27 01:07:34',3,252,'App\\Models\\PPSMember'),(303,'PPS Kalirejo 3','pps-kalirejo-3','$2y$12$6PRpGCYFzEo7keRoeHDdhu7mSGFmytbmH44MdY/pPLExx.eDVURfW','EVHL46',NULL,'2026-02-27 01:07:35','2026-02-27 01:07:35',3,253,'App\\Models\\PPSMember'),(304,'PPS Kedayunan 1','pps-kedayunan-1','$2y$12$bMqgzugcfu8ZDfxhuI2Ot.j60ikLrVg4U.jNmJNR5xQkb/q4HHzKq','JTPA31',NULL,'2026-02-27 01:07:35','2026-02-27 01:07:35',3,254,'App\\Models\\PPSMember'),(305,'PPS Kedayunan 2','pps-kedayunan-2','$2y$12$q8mSK5UxVbaXLZurAyWmgerEGdfxG5pfmT0g4hQ5Ht2XipSXjhpra','C9KG70',NULL,'2026-02-27 01:07:35','2026-02-27 01:07:35',3,255,'App\\Models\\PPSMember'),(306,'PPS Kedayunan 3','pps-kedayunan-3','$2y$12$fMuB1EoZrL8ZncbbanFKz.IqjgstIKsmTSn2JZoKr3ffsLtOqV5Xi','PM2D23',NULL,'2026-02-27 01:07:35','2026-02-27 01:07:35',3,256,'App\\Models\\PPSMember'),(307,'PPS Labanasem 1','pps-labanasem-1','$2y$12$.opjcLKcqO099VgTZ7vaTevDo7xwrE68eVnPPlflO/MA0/.qLnmAq','VBL251',NULL,'2026-02-27 01:07:36','2026-02-27 01:07:36',3,257,'App\\Models\\PPSMember'),(308,'PPS Labanasem 2','pps-labanasem-2','$2y$12$QZEgVRHy2UhBLd1rgLGNcuMZMqVXDZPRlQcya8n8LlEEbp.nihpxC','NHPF87',NULL,'2026-02-27 01:07:36','2026-02-27 01:07:36',3,258,'App\\Models\\PPSMember'),(309,'PPS Labanasem 3','pps-labanasem-3','$2y$12$eIg2JLccIbX5D9sR0HTF8O21j05/ss2AdFk/7FpKUZxFeSgZsivCa','XBOV74',NULL,'2026-02-27 01:07:36','2026-02-27 01:07:36',3,259,'App\\Models\\PPSMember'),(310,'PPS Macan Putih 1','pps-macan-putih-1','$2y$12$4bBeoeILY4A.TAAADOPM5Os//HEqGFMnUn3.khtq8WnLs8B.xL4Ji','OQA670',NULL,'2026-02-27 01:07:37','2026-02-27 01:07:37',3,260,'App\\Models\\PPSMember'),(311,'PPS Macan Putih 2','pps-macan-putih-2','$2y$12$/hONuxAn0Kwk1PrUx76JJ.GHxxmGCGaUNRrQ0cCib7vJol2Vfirem','ZFJC48',NULL,'2026-02-27 01:07:37','2026-02-27 01:07:37',3,261,'App\\Models\\PPSMember'),(312,'PPS Macan Putih 3','pps-macan-putih-3','$2y$12$fmogtrRFT6Y8KZzqUTgv0.7lOVjeUbCPHy119PKRV0qkm4tt.ahV6','BLQW58',NULL,'2026-02-27 01:07:37','2026-02-27 01:07:37',3,262,'App\\Models\\PPSMember'),(313,'PPS Pakistaji 1','pps-pakistaji-1','$2y$12$0pTB6Lve50tCjgV8e.IwLu9xRCqRk3y/.XldpH/WZNaDPfFWdtGq6','4VCP33',NULL,'2026-02-27 01:07:38','2026-02-27 01:07:38',3,263,'App\\Models\\PPSMember'),(314,'PPS Pakistaji 2','pps-pakistaji-2','$2y$12$wNNtC9G1ajoIYH9ZNHim8ukCaRY2ilNtJThMPJ6u9tYd3OOy0gDlS','EM5L36',NULL,'2026-02-27 01:07:38','2026-02-27 01:07:38',3,264,'App\\Models\\PPSMember'),(315,'PPS Pakistaji 3','pps-pakistaji-3','$2y$12$n9E5DRmQq.VRFlGP6UyjYO6Mg6kUHEapiUkGRQUCk4dh9jX408GR2','RLKR15',NULL,'2026-02-27 01:07:38','2026-02-27 01:07:38',3,265,'App\\Models\\PPSMember'),(316,'PPS Pendarungan 1','pps-pendarungan-1','$2y$12$wLVPmx.icy.0M00xAqnQ7.5qjN8TkotTJX.XV2dWIuL5Sg50n2lVG','UYST41',NULL,'2026-02-27 01:07:38','2026-02-27 01:07:38',3,266,'App\\Models\\PPSMember'),(317,'PPS Pendarungan 2','pps-pendarungan-2','$2y$12$ei2g4bTq3fVK4/TNBL/uiuvuEOzP2fMyjwVCMUnrmVpyxvlwron/a','BOMQ30',NULL,'2026-02-27 01:07:39','2026-02-27 01:07:39',3,267,'App\\Models\\PPSMember'),(318,'PPS Pendarungan 3','pps-pendarungan-3','$2y$12$UApop9TUJWGsIT0h1RO0h.okwZoHFVxj1dey0cLjfzOUHZdXAN2xS','NXEC75',NULL,'2026-02-27 01:07:39','2026-02-27 01:07:39',3,268,'App\\Models\\PPSMember'),(319,'PPS Pondoknongko 1','pps-pondoknongko-1','$2y$12$KIExqJ83t4OfxdO7ENt0eumO7aTPQwgu22AQrhJH9G7t.Gr6lg3QK','D63R31',NULL,'2026-02-27 01:07:39','2026-02-27 01:07:39',3,269,'App\\Models\\PPSMember'),(320,'PPS Pondoknongko 2','pps-pondoknongko-2','$2y$12$hpA0bOTEriJU7l6SozjP.Oow1200t9FoAv01NnHytUtbsM5V/XRUy','MRFZ35',NULL,'2026-02-27 01:07:40','2026-02-27 01:07:40',3,270,'App\\Models\\PPSMember'),(321,'PPS Pondoknongko 3','pps-pondoknongko-3','$2y$12$2n1Va.uaA2gFFoLOiDZI9OgQ1Q7OALinoJmj/RXXPXlXhS2RTwv2a','FXEW90',NULL,'2026-02-27 01:07:40','2026-02-27 01:07:40',3,271,'App\\Models\\PPSMember'),(322,'PPS Tambong 1','pps-tambong-1','$2y$12$.UGLSXBiOX8uiMcFkENbSOfWr0.CKLdh1fgEBihMdwBXmn5RE5UCG','CLJD40',NULL,'2026-02-27 01:07:40','2026-02-27 01:07:40',3,272,'App\\Models\\PPSMember'),(323,'PPS Tambong 2','pps-tambong-2','$2y$12$DYARdWEUy.Ccm7JWhEhVaOJPAyIMgA24oViTO52jUqGL2gqmBQn96','IQYP10',NULL,'2026-02-27 01:07:41','2026-02-27 01:07:41',3,273,'App\\Models\\PPSMember'),(324,'PPS Tambong 3','pps-tambong-3','$2y$12$QCwpD9KR6yoJmOheQVWudO2Cu0r8Mx0JLXEIFeLOEb79ZkYFeXDAe','P7MF46',NULL,'2026-02-27 01:07:41','2026-02-27 01:07:41',3,274,'App\\Models\\PPSMember'),(325,'PPK Kalibaru 1','ppk-kalibaru-1','$2y$12$6/lYTtbkMx7DXVelD4rvzecG1nZKYElI.khsffjQnCzfuJ8me1C/m','WO7072',NULL,'2026-02-27 01:07:41','2026-02-27 01:07:41',2,51,'App\\Models\\PPKMember'),(326,'PPK Kalibaru 2','ppk-kalibaru-2','$2y$12$EnUSOPpktx1pazcF.zxh0OFaRUE6g.ctU0ON66bo7fXTsLGI1N6B6','JVOQ15',NULL,'2026-02-27 01:07:41','2026-02-27 01:07:41',2,52,'App\\Models\\PPKMember'),(327,'PPK Kalibaru 3','ppk-kalibaru-3','$2y$12$F2H1PfxCv1c3ccg40Gm3q.KDGUJXnN66HWYy./MSfoBdFL8zmnY3u','CUQK32',NULL,'2026-02-27 01:07:42','2026-02-27 01:07:42',2,53,'App\\Models\\PPKMember'),(328,'PPK Kalibaru 4','ppk-kalibaru-4','$2y$12$91VP1Z7CvckGUrR9Q0M8ZOvxk.hnRL.cZ.kfk4P63VWuaV/veiQnu','W5AC47',NULL,'2026-02-27 01:07:42','2026-02-27 01:07:42',2,54,'App\\Models\\PPKMember'),(329,'PPK Kalibaru 5','ppk-kalibaru-5','$2y$12$4K3XoLgVFB7QLdfaLzPKDelgoQ/WDzb.MGVlciCb1CChkDHPHPNq.','VV5S75',NULL,'2026-02-27 01:07:42','2026-02-27 01:07:42',2,55,'App\\Models\\PPKMember'),(330,'PPS Banyuanyar 1','pps-banyuanyar-1','$2y$12$0t0Mz4.J4oIWdoQx0zg9t.cbZeoYvcMmgHZ/vBFNoxBLOpfaINt/G','BNAT43',NULL,'2026-02-27 01:07:43','2026-02-27 01:07:43',3,275,'App\\Models\\PPSMember'),(331,'PPS Banyuanyar 2','pps-banyuanyar-2','$2y$12$XNGkrczjae9vh.PPa8pDPOxa6R1LA13nv3KwBUKM3/l2FjmnTShWK','8XLS14',NULL,'2026-02-27 01:07:43','2026-02-27 01:07:43',3,276,'App\\Models\\PPSMember'),(332,'PPS Banyuanyar 3','pps-banyuanyar-3','$2y$12$FQqRoPw3jeCFpuw/dQTq.Oh1MpeKs0G3/v6q7N4XdXSMGU6xInJLi','UN4361',NULL,'2026-02-27 01:07:43','2026-02-27 01:07:43',3,277,'App\\Models\\PPSMember'),(333,'PPS Kajarharjo 1','pps-kajarharjo-1','$2y$12$4FJPm9qhEvzXDB5k2DNYzee8SGN9zifYWdocyo/EL.cYKESHlk0gm','MTPJ33',NULL,'2026-02-27 01:07:44','2026-02-27 01:07:44',3,278,'App\\Models\\PPSMember'),(334,'PPS Kajarharjo 2','pps-kajarharjo-2','$2y$12$BWt0VVgky0ejE.kOY5N7bOXkS9H3V7/fXGY8vY.9Rh22PZHtmat2u','Z1X587',NULL,'2026-02-27 01:07:44','2026-02-27 01:07:44',3,279,'App\\Models\\PPSMember'),(335,'PPS Kajarharjo 3','pps-kajarharjo-3','$2y$12$5EOoh9Y8bH49l9dMWlvL9uJF./LEBMTm3CF3R4v2WFx7H8SK3.D3e','7REL77',NULL,'2026-02-27 01:07:44','2026-02-27 01:07:44',3,280,'App\\Models\\PPSMember'),(336,'PPS Kalibarukulon 1','pps-kalibarukulon-1','$2y$12$5MzZDKzwA5HGOo8k90.98eDJ9kzdWgVKzewCjBk4I5OfY1cBwLFAa','NEGQ71',NULL,'2026-02-27 01:07:44','2026-02-27 01:07:44',3,281,'App\\Models\\PPSMember'),(337,'PPS Kalibarukulon 2','pps-kalibarukulon-2','$2y$12$/Et5D/fyzvvFuoyEAACP8ufim7WfiJ7xS3ul9YBLQofWY4oS4C4Dq','SRO878',NULL,'2026-02-27 01:07:45','2026-02-27 01:07:45',3,282,'App\\Models\\PPSMember'),(338,'PPS Kalibarukulon 3','pps-kalibarukulon-3','$2y$12$it/vcUL8EWdDPXelcxE2qe2a43l9WzGkZZv/Yq7nEjBj9EbvELtSC','ZKSB73',NULL,'2026-02-27 01:07:45','2026-02-27 01:07:45',3,283,'App\\Models\\PPSMember'),(339,'PPS Kalibarumanis 1','pps-kalibarumanis-1','$2y$12$xR502ryxNG5llReuRbusBO8Fqctihgly8PNiXLkVTozxz2FvHdOT2','LCCX47',NULL,'2026-02-27 01:07:45','2026-02-27 01:07:45',3,284,'App\\Models\\PPSMember'),(340,'PPS Kalibarumanis 2','pps-kalibarumanis-2','$2y$12$AZPYOjJGxROeZX6lnp0Jyuk0cwwTLKSvaOht.SYXjRaDGZjTmnW5y','YOMD55',NULL,'2026-02-27 01:07:46','2026-02-27 01:07:46',3,285,'App\\Models\\PPSMember'),(341,'PPS Kalibarumanis 3','pps-kalibarumanis-3','$2y$12$QKjGKreJudBb0SoeAyQ.AOHBX9eDMgtja3GqH.zqsNAVFZi/4lhhi','BHQ681',NULL,'2026-02-27 01:07:46','2026-02-27 01:07:46',3,286,'App\\Models\\PPSMember'),(342,'PPS Kalibaruwetan 1','pps-kalibaruwetan-1','$2y$12$zXkvI2YTMqPLVW8cCyengeUiDt5EfwbkSx60wVHVs0zW0UCaOIo5e','QC9L89',NULL,'2026-02-27 01:07:46','2026-02-27 01:07:46',3,287,'App\\Models\\PPSMember'),(343,'PPS Kalibaruwetan 2','pps-kalibaruwetan-2','$2y$12$896TJbO4NhzGlk4Qxm0JGOddOsHs8BLzfM6SYbh16I92l.UiRzvfy','KGQV35',NULL,'2026-02-27 01:07:46','2026-02-27 01:07:46',3,288,'App\\Models\\PPSMember'),(344,'PPS Kalibaruwetan 3','pps-kalibaruwetan-3','$2y$12$yYBv.TG58Z3E4/.oa4QlSelKmanXxCXRxiWEQ6ghhxamjolv0mK4q','BJVO80',NULL,'2026-02-27 01:07:47','2026-02-27 01:07:47',3,289,'App\\Models\\PPSMember'),(345,'PPS Kebonrejo 1','pps-kebonrejo-1','$2y$12$dqUO8CeD0Wa64uF4bzQiqukhPWFReNBRP7CbskyVzAOuFQ3ZKhCoO','A4PW83',NULL,'2026-02-27 01:07:47','2026-02-27 01:07:47',3,290,'App\\Models\\PPSMember'),(346,'PPS Kebonrejo 2','pps-kebonrejo-2','$2y$12$xTOcTyr7OD/KnUAeU4mGQ.TsoMhRLgMPXHKaVIZyHMyH5L..IA6aq','DF8Y26',NULL,'2026-02-27 01:07:47','2026-02-27 01:07:47',3,291,'App\\Models\\PPSMember'),(347,'PPS Kebonrejo 3','pps-kebonrejo-3','$2y$12$S/Wz0btYqK/X0uUh40asluELAp1XFHUfu1ynU3WtpqE8CmIkpI/yi','I4DA22',NULL,'2026-02-27 01:07:48','2026-02-27 01:07:48',3,292,'App\\Models\\PPSMember'),(348,'PPK Kalipuro 1','ppk-kalipuro-1','$2y$12$3a0TmooiLJ5AJD5YaBaxYORQXT5.pw/DXREcnJ2b3bcApQEXyjtr.','JKBF34',NULL,'2026-02-27 01:07:48','2026-02-27 01:07:48',2,56,'App\\Models\\PPKMember'),(349,'PPK Kalipuro 2','ppk-kalipuro-2','$2y$12$5w9o5MmDH2oHcN3JfsXexO9OGKbDVLceUNZmw9tnCuiguSZMZxVX6','FAWW80',NULL,'2026-02-27 01:07:48','2026-02-27 01:07:48',2,57,'App\\Models\\PPKMember'),(350,'PPK Kalipuro 3','ppk-kalipuro-3','$2y$12$Yy0ccCusTLRUPCjce8zIyuLRYSrB1YUkZkDhTFjC72A8G8Xvjtwb2','G1QR98',NULL,'2026-02-27 01:07:48','2026-02-27 01:07:48',2,58,'App\\Models\\PPKMember'),(351,'PPK Kalipuro 4','ppk-kalipuro-4','$2y$12$ltKKaGUcw8egLLUeOC6nSu1a/hiUDsdiJWwRG7aN12K5lxmOuT8Yq','GP2X65',NULL,'2026-02-27 01:07:49','2026-02-27 01:07:49',2,59,'App\\Models\\PPKMember'),(352,'PPK Kalipuro 5','ppk-kalipuro-5','$2y$12$nBImu5VOt0V7p8MVXDWpmuIsa/LDD6gYg4Uri7Bj1IYnaEOC01xLq','L3FV75',NULL,'2026-02-27 01:07:49','2026-02-27 01:07:49',2,60,'App\\Models\\PPKMember'),(353,'PPS Bulusan 1','pps-bulusan-1','$2y$12$ewJOE.W2PMCmi1CN5I/w3OMZNVEGv391i6hZRA9LOUX4vqcx1HzC2','RUYE46',NULL,'2026-02-27 01:07:49','2026-02-27 01:07:49',3,293,'App\\Models\\PPSMember'),(354,'PPS Bulusan 2','pps-bulusan-2','$2y$12$7ZAbDB2h8/7sHqBhv1X66OGQVJ6BmL8MPe9hLuH0wUmRdZZ27xOJO','A9BE79',NULL,'2026-02-27 01:07:50','2026-02-27 01:07:50',3,294,'App\\Models\\PPSMember'),(355,'PPS Bulusan 3','pps-bulusan-3','$2y$12$Hoq.mg/TbHFN4dRbfLUnl.4LTLL.s1xHnsLmsaPumrEujPedN.7FK','N9ND76',NULL,'2026-02-27 01:07:50','2026-02-27 01:07:50',3,295,'App\\Models\\PPSMember'),(356,'PPS Bulusari 1','pps-bulusari-1','$2y$12$fZempP8qlcbpFwdtMiFXgu8fEPqH6a25drdnTB.wyUw1inq7oE2AW','JV2Q50',NULL,'2026-02-27 01:07:50','2026-02-27 01:07:50',3,296,'App\\Models\\PPSMember'),(357,'PPS Bulusari 2','pps-bulusari-2','$2y$12$/xnmkvxHnlEvyvW1.I.8X.mslDkSDtOhUQQiOxv8KLhnXd5SQzIve','NIGS59',NULL,'2026-02-27 01:07:50','2026-02-27 01:07:50',3,297,'App\\Models\\PPSMember'),(358,'PPS Bulusari 3','pps-bulusari-3','$2y$12$Udwv52Olcb9nbqOIj32exO3kAcG5L.xM4a/kzo4yltKO6KAXB0fEG','BENU29',NULL,'2026-02-27 01:07:51','2026-02-27 01:07:51',3,298,'App\\Models\\PPSMember'),(359,'PPS Gombengsari 1','pps-gombengsari-1','$2y$12$6gKH98Bud9DqKXMcpMg3iOfNIul/ZsvFAfJpHmjcFaqSfy2XSrs1K','0HSX99',NULL,'2026-02-27 01:07:51','2026-02-27 01:07:51',3,299,'App\\Models\\PPSMember'),(360,'PPS Gombengsari 2','pps-gombengsari-2','$2y$12$J6T2Pvn/gHiW0m1UR5MmNetMallvwhfotWard.f/MJT.Tb2h9oEV6','SBKD53',NULL,'2026-02-27 01:07:51','2026-02-27 01:07:51',3,300,'App\\Models\\PPSMember'),(361,'PPS Gombengsari 3','pps-gombengsari-3','$2y$12$fppTR/t2ELPrbsyZth.Dn.ktKolBhyqk.zVEHDM5Azs1qnh2XStSy','2W1P96',NULL,'2026-02-27 01:07:52','2026-02-27 01:07:52',3,301,'App\\Models\\PPSMember'),(362,'PPS Kalipuro 1','pps-kalipuro-1','$2y$12$6XR.67/OylIORGc8W8z03OGVT72V39xqhqddDWSAVRVzsVwT0.Npa','0E5H92',NULL,'2026-02-27 01:07:52','2026-02-27 01:07:52',3,302,'App\\Models\\PPSMember'),(363,'PPS Kalipuro 2','pps-kalipuro-2','$2y$12$SR5nPa/JJghdZwbcUYax/eXSC/owFPDoZKxSKF5zFfYJGanMBQaa.','MVUW55',NULL,'2026-02-27 01:07:52','2026-02-27 01:07:52',3,303,'App\\Models\\PPSMember'),(364,'PPS Kalipuro 3','pps-kalipuro-3','$2y$12$ym0MXWWkEZdF1XhfWQTqu.H1Ef9UC8H.ZVBfmWxbdGdWlGrm1DGVa','QHSN34',NULL,'2026-02-27 01:07:53','2026-02-27 01:07:53',3,304,'App\\Models\\PPSMember'),(365,'PPS Kelir 1','pps-kelir-1','$2y$12$KV8Cqr7QWMKMdjYvJAIzq.BPHZM2/wyelUBAu0fd5wpUiDraFqfum','FCON84',NULL,'2026-02-27 01:07:53','2026-02-27 01:07:53',3,305,'App\\Models\\PPSMember'),(366,'PPS Kelir 2','pps-kelir-2','$2y$12$G62LDMRVSEy/Q/RaqD4OJOiEHdaFgVML/kfXmeagUnpgO9TlyHAWG','RNHN11',NULL,'2026-02-27 01:07:53','2026-02-27 01:07:53',3,306,'App\\Models\\PPSMember'),(367,'PPS Kelir 3','pps-kelir-3','$2y$12$WkmocnV9BDjSd13q111WKuAOsDaW2FUf50i.YiFegpgFRuyRmQbUC','MZXL88',NULL,'2026-02-27 01:07:54','2026-02-27 01:07:54',3,307,'App\\Models\\PPSMember'),(368,'PPS Ketapang 1','pps-ketapang-1','$2y$12$JJWwfeWaNuY0If.IkZzYjeRu2i.VlKDSoZ/9R5q3SzOMYm/321tV.','BUFN20',NULL,'2026-02-27 01:07:54','2026-02-27 01:07:54',3,308,'App\\Models\\PPSMember'),(369,'PPS Ketapang 2','pps-ketapang-2','$2y$12$oudgoElbXu9Jey2S7y9rBurrjGpoYfORthhe/Mon9Hr5wgPjf11p.','Z3JV89',NULL,'2026-02-27 01:07:54','2026-02-27 01:07:54',3,309,'App\\Models\\PPSMember'),(370,'PPS Ketapang 3','pps-ketapang-3','$2y$12$s0yrxmBvK9Jd/GBw6DtbceQZgBt/WLOQTZEPZ3OiLmoznX71YbEPa','IRWH65',NULL,'2026-02-27 01:07:54','2026-02-27 01:07:54',3,310,'App\\Models\\PPSMember'),(371,'PPS Klatak 1','pps-klatak-1','$2y$12$VdBf0Rxq85RsD4o5W5zBKudQZtUrlMpzf02ItwDpEzRej7AA0ThIO','KIWT46',NULL,'2026-02-27 01:07:55','2026-02-27 01:07:55',3,311,'App\\Models\\PPSMember'),(372,'PPS Klatak 2','pps-klatak-2','$2y$12$ZE4jNnndDtgIVECEA4Lc.uNtx3Qo.CdM6R/oaJ/pLwiw1gUNOPWBi','OXKD55',NULL,'2026-02-27 01:07:55','2026-02-27 01:07:55',3,312,'App\\Models\\PPSMember'),(373,'PPS Klatak 3','pps-klatak-3','$2y$12$yo6TDRba5o1lCTn1hR78f.tORTWU6LT3JH75/b4jHDeHU.6I4OFIO','BHMM88',NULL,'2026-02-27 01:07:55','2026-02-27 01:07:55',3,313,'App\\Models\\PPSMember'),(374,'PPS Pesucen 1','pps-pesucen-1','$2y$12$omdYF5YxbGvJl7gREReTYetZxWki6IQEff8BnoXGJtW0VxymMuxeW','MVRZ36',NULL,'2026-02-27 01:07:56','2026-02-27 01:07:56',3,314,'App\\Models\\PPSMember'),(375,'PPS Pesucen 2','pps-pesucen-2','$2y$12$vQYhkOmRkqxQX4FCRu6EPePtap6nqzJJ7n5nwlpflb8BhdP0Qi6Jm','N0C718',NULL,'2026-02-27 01:07:56','2026-02-27 01:07:56',3,315,'App\\Models\\PPSMember'),(376,'PPS Pesucen 3','pps-pesucen-3','$2y$12$vnwALajaI3P9lK7nF0Gswe62JhQiWmJHS0Fv4.CAbjHCSMj3Qkly.','W0DI78',NULL,'2026-02-27 01:07:56','2026-02-27 01:07:56',3,316,'App\\Models\\PPSMember'),(377,'PPS Telemung 1','pps-telemung-1','$2y$12$gTAXBrDzQ95J7EjQ4rH0/uTOIS2oSeoe86MSTwsEI0Lq7HZ5RYtPu','SXCQ63',NULL,'2026-02-27 01:07:57','2026-02-27 01:07:57',3,317,'App\\Models\\PPSMember'),(378,'PPS Telemung 2','pps-telemung-2','$2y$12$CVeqjYJoy2GQnFWeY36Qoeygs5tF26.ZgjrLJ8wUV71AlgoW9PYKa','QVMZ57',NULL,'2026-02-27 01:07:57','2026-02-27 01:07:57',3,318,'App\\Models\\PPSMember'),(379,'PPS Telemung 3','pps-telemung-3','$2y$12$5qUBBDS.GpqLs/lMKr8ET.OnKDRcWkc/fZNMqSs/l5FLJf0b2rKq6','T9M977',NULL,'2026-02-27 01:07:57','2026-02-27 01:07:57',3,319,'App\\Models\\PPSMember'),(380,'PPK Licin 1','ppk-licin-1','$2y$12$ZmGWC1ncCtf217avi/c.FeXsMVGTjKlWS8MsG2x9r.n2VREo9PxU6','EOZR57',NULL,'2026-02-27 01:07:58','2026-02-27 01:07:58',2,61,'App\\Models\\PPKMember'),(381,'PPK Licin 2','ppk-licin-2','$2y$12$6cPFwwFO6BBsyrIQYizcceDCq8NGUrvGdrVCdX9WuNqiuTV6hDr3e','4QMV71',NULL,'2026-02-27 01:07:58','2026-02-27 01:07:58',2,62,'App\\Models\\PPKMember'),(382,'PPK Licin 3','ppk-licin-3','$2y$12$F3bh4oGNuqcRPMPFgdIqxugFGhHhgdufTRtAaEytBSOVvn/U6J6eS','LGCB77',NULL,'2026-02-27 01:07:58','2026-02-27 01:07:58',2,63,'App\\Models\\PPKMember'),(383,'PPK Licin 4','ppk-licin-4','$2y$12$qHYXQpC2fIsrzcludFqb2e/QfOeZeWz./jLqRzNnABmQQfVZGeI/q','C3ON53',NULL,'2026-02-27 01:07:58','2026-02-27 01:07:58',2,64,'App\\Models\\PPKMember'),(384,'PPK Licin 5','ppk-licin-5','$2y$12$zr5l2obe2t8Q44u0pWsWJOBMjS/Z/A.caDl83zJl3WWpTknXX8PZq','TJWC80',NULL,'2026-02-27 01:07:59','2026-02-27 01:07:59',2,65,'App\\Models\\PPKMember'),(385,'PPS Banjar 1','pps-banjar-1','$2y$12$qcO3SzvakOLoUFjjA0VmCOG9Jhvxsf734oMBv/HM3mqttzkpzHVom','ZE0D17',NULL,'2026-02-27 01:07:59','2026-02-27 01:07:59',3,320,'App\\Models\\PPSMember'),(386,'PPS Banjar 2','pps-banjar-2','$2y$12$tsdynFuUHaPAwlSGrXLBcuLKBtRJUXT93Fsy2U1fuHpSnCJC.Zufi','DJBN85',NULL,'2026-02-27 01:07:59','2026-02-27 01:07:59',3,321,'App\\Models\\PPSMember'),(387,'PPS Banjar 3','pps-banjar-3','$2y$12$IoMnJsZyL.CCbu/aQqpie.e.JPQUTPUmZCutXRc.UFKfGkFpPzjLq','HQDY15',NULL,'2026-02-27 01:08:00','2026-02-27 01:08:00',3,322,'App\\Models\\PPSMember'),(388,'PPS Gumuk 1','pps-gumuk-1','$2y$12$ozrNvhZx.mWMxrSZMEiJseCHXNII.ezseE0d51ogovqveNaswUrLe','PKBL47',NULL,'2026-02-27 01:08:00','2026-02-27 01:08:00',3,323,'App\\Models\\PPSMember'),(389,'PPS Gumuk 2','pps-gumuk-2','$2y$12$MEhKN5RLDW6CNnBit.7Uz.VQ4OmwWi6LaCp3O2mpyRNXrDBX3rx6G','A1YC53',NULL,'2026-02-27 01:08:00','2026-02-27 01:08:00',3,324,'App\\Models\\PPSMember'),(390,'PPS Gumuk 3','pps-gumuk-3','$2y$12$ki53oD1b97WjM7fHwfAyYucYr9CGJxXlKo.uU8nG9zA6Hon4kfa6S','QHR950',NULL,'2026-02-27 01:08:01','2026-02-27 01:08:01',3,325,'App\\Models\\PPSMember'),(391,'PPS Jelun 1','pps-jelun-1','$2y$12$bYjngmyKHpkIq22OhCV8uez9lCon7m5oKoDNFm4fT6KKDZ6Y2ZGH.','RWFT72',NULL,'2026-02-27 01:08:01','2026-02-27 01:08:01',3,326,'App\\Models\\PPSMember'),(392,'PPS Jelun 2','pps-jelun-2','$2y$12$i1Ru96qRgAPr8rLTgwA0vuk8JNSXaENkq0Lx87kYcVAurEn8BgsHm','XSDI86',NULL,'2026-02-27 01:08:01','2026-02-27 01:08:01',3,327,'App\\Models\\PPSMember'),(393,'PPS Jelun 3','pps-jelun-3','$2y$12$EErNPxzZwVPkj.aL7d/uvezFvzuY7FKB5ssngkjBOnQpbm8kerqD2','XP8V19',NULL,'2026-02-27 01:08:02','2026-02-27 01:08:02',3,328,'App\\Models\\PPSMember'),(394,'PPS Kluncing 1','pps-kluncing-1','$2y$12$OJ18uDdZiUmHYddfkI35YOCwe3KWfibfN4TEyomZ6pxOO1aK4N7ai','XJ6J86',NULL,'2026-02-27 01:08:02','2026-02-27 01:08:02',3,329,'App\\Models\\PPSMember'),(395,'PPS Kluncing 2','pps-kluncing-2','$2y$12$iIDl1ThRjC9ep1u8Ur/nqe.LC.GjieYknWMSHyID2BvK9U3diFykC','YPGG91',NULL,'2026-02-27 01:08:02','2026-02-27 01:08:02',3,330,'App\\Models\\PPSMember'),(396,'PPS Kluncing 3','pps-kluncing-3','$2y$12$TDf7SBWJ9bB9JrstrkQ30uL2ZAo6BeAiCDNfapNLgqNnbOnA0QmRu','VDR752',NULL,'2026-02-27 01:08:02','2026-02-27 01:08:02',3,331,'App\\Models\\PPSMember'),(397,'PPS Licin 1','pps-licin-1','$2y$12$CZTlZI/.VjfWodQzn0hlzeVWVppFzzQ50sH0V8QxxuMbiI/I1eTo2','7M2N11',NULL,'2026-02-27 01:08:03','2026-02-27 01:08:03',3,332,'App\\Models\\PPSMember'),(398,'PPS Licin 2','pps-licin-2','$2y$12$NSoVVNTwan..5z.JViu5eeeqcr3S2VrrEp3B29SLAYWiMpDECIEVq','NCLU35',NULL,'2026-02-27 01:08:03','2026-02-27 01:08:03',3,333,'App\\Models\\PPSMember'),(399,'PPS Licin 3','pps-licin-3','$2y$12$9HIwdV2TJcEF52EK7CTniueIAYEAsY1LkwQUe56fkQm7M.OIVAwga','IY3Q33',NULL,'2026-02-27 01:08:03','2026-02-27 01:08:03',3,334,'App\\Models\\PPSMember'),(400,'PPS Pakel 1','pps-pakel-1','$2y$12$4gCjqHnRWEHmm9Dti4jJneIdnDFxq2OANoMO5qW5o03i1RRA9fcI2','7SWR69',NULL,'2026-02-27 01:08:04','2026-02-27 01:08:04',3,335,'App\\Models\\PPSMember'),(401,'PPS Pakel 2','pps-pakel-2','$2y$12$eHW02ZVSL3JWSTkGiBVgKOi2KX0fWFU8ZS6/MQMaS7YxlkXA7qQoq','SUIH83',NULL,'2026-02-27 01:08:04','2026-02-27 01:08:04',3,336,'App\\Models\\PPSMember'),(402,'PPS Pakel 3','pps-pakel-3','$2y$12$6kc/LE6XYJ7J3ov0ims3G.f4HFibG.Jzyhr.xXH.GmWBswTHLtAPe','2WHD63',NULL,'2026-02-27 01:08:04','2026-02-27 01:08:04',3,337,'App\\Models\\PPSMember'),(403,'PPS Segobang 1','pps-segobang-1','$2y$12$OvU6hvaSIDHGUmE39OBdU.pRLy/8OjvF8.ztloDO3jkaH3MjbK9v.','U8DJ82',NULL,'2026-02-27 01:08:05','2026-02-27 01:08:05',3,338,'App\\Models\\PPSMember'),(404,'PPS Segobang 2','pps-segobang-2','$2y$12$Ox/XxgmVoygdmhRNgaCMju4GoZ8mQ6foVoI5QdPTdX/Q8tmTC.TJu','HY5418',NULL,'2026-02-27 01:08:05','2026-02-27 01:08:05',3,339,'App\\Models\\PPSMember'),(405,'PPS Segobang 3','pps-segobang-3','$2y$12$l8V5eGI.S6b8rbW9CFYdS.vuX6v.pdcm.ai0Mw/HSzniRtBgLVce2','PWW471',NULL,'2026-02-27 01:08:05','2026-02-27 01:08:05',3,340,'App\\Models\\PPSMember'),(406,'PPS Tamansari 1','pps-tamansari-1','$2y$12$gRtBs5SEN.mpUIYmqxZiveE1KeFoDBMiZkyyZb5FxAsFuQ0UDRUWK','BPIC94',NULL,'2026-02-27 01:08:06','2026-02-27 01:08:06',3,341,'App\\Models\\PPSMember'),(407,'PPS Tamansari 2','pps-tamansari-2','$2y$12$9rkKHd0tsa99WmBY8n7Vu.lHOUYQkNPUFYbYXjPhTfieyabHqvfwu','NT6H88',NULL,'2026-02-27 01:08:06','2026-02-27 01:08:06',3,342,'App\\Models\\PPSMember'),(408,'PPS Tamansari 3','pps-tamansari-3','$2y$12$Cy6Ns1/x4J6fd2Pl8TnED.Mla7QQ/dBz3jVXtF1KwFThEiL1jR/sm','TZFO51',NULL,'2026-02-27 01:08:06','2026-02-27 01:08:06',3,343,'App\\Models\\PPSMember'),(409,'PPK Muncar 1','ppk-muncar-1','$2y$12$HtygWzs3vvAUKRUPtPtbReHWRo4Or9pjuqDi7cEtnGS8shtp1GhGK','XXWH81',NULL,'2026-02-27 01:08:06','2026-02-27 01:08:06',2,66,'App\\Models\\PPKMember'),(410,'PPK Muncar 2','ppk-muncar-2','$2y$12$A/eN61TmnLMlXF6KouZk3eKHDQ3t29trUMg67vNdOCFuyuwNAOaZq','22HU89',NULL,'2026-02-27 01:08:07','2026-02-27 01:08:07',2,67,'App\\Models\\PPKMember'),(411,'PPK Muncar 3','ppk-muncar-3','$2y$12$p4gw5oacSFkLC0Wk.5Y.zuPAnD7qeaSgZUg8BtWkCV3aaIbk1HM7y','D0CE39',NULL,'2026-02-27 01:08:07','2026-02-27 01:08:07',2,68,'App\\Models\\PPKMember'),(412,'PPK Muncar 4','ppk-muncar-4','$2y$12$4wuGFZLw/ZcMY7t1mG6HC.yjibQiIoCRNjmL0IgPeJSMkkDN8oIwO','ZWTM82',NULL,'2026-02-27 01:08:07','2026-02-27 01:08:07',2,69,'App\\Models\\PPKMember'),(413,'PPK Muncar 5','ppk-muncar-5','$2y$12$cjSnXuCu2xZ.sL/lxbZjQuRbubMfWMMbQJXD4uu7.OR1tE.HP/q5.','0VNV51',NULL,'2026-02-27 01:08:08','2026-02-27 01:08:08',2,70,'App\\Models\\PPKMember'),(414,'PPS Blambangan 1','pps-blambangan-1','$2y$12$7DPEpTDGBmtltEf7FsITROmdcYVYzQQSBsk7vBzTb2L8U2TQWAmWy','BTXV41',NULL,'2026-02-27 01:08:08','2026-02-27 01:08:08',3,344,'App\\Models\\PPSMember'),(415,'PPS Blambangan 2','pps-blambangan-2','$2y$12$I3uzf.MclYouIoPW0VeiTuKmD5evc3iTmjwufAxKY6Zq88K1mjPce','KQYB26',NULL,'2026-02-27 01:08:08','2026-02-27 01:08:08',3,345,'App\\Models\\PPSMember'),(416,'PPS Blambangan 3','pps-blambangan-3','$2y$12$B/th9LVaKTnubjmlEYI9f.2Jj9NUls6YqFabvHLdVTaTmf36V74Li','Y3DE76',NULL,'2026-02-27 01:08:09','2026-02-27 01:08:09',3,346,'App\\Models\\PPSMember'),(417,'PPS Kedungrejo 1','pps-kedungrejo-1','$2y$12$6OysccpIYexeRadY8YicuOGnWUlQtEl5x3ZESBMejS56EHTKqpFF6','GPHZ10',NULL,'2026-02-27 01:08:09','2026-02-27 01:08:09',3,347,'App\\Models\\PPSMember'),(418,'PPS Kedungrejo 2','pps-kedungrejo-2','$2y$12$WHqH.kJ4nosTK8VVjlDQLeCHjBByDlcTF9kqMcK9VW02ZsIn3IXAG','RWMD34',NULL,'2026-02-27 01:08:09','2026-02-27 01:08:09',3,348,'App\\Models\\PPSMember'),(419,'PPS Kedungrejo 3','pps-kedungrejo-3','$2y$12$dybR1UqoNCzqaDE3APPC9.nydlnAp026lm4yX0THOlc7L07ZXmGku','AL8D15',NULL,'2026-02-27 01:08:10','2026-02-27 01:08:10',3,349,'App\\Models\\PPSMember'),(420,'PPS Kedungringin 1','pps-kedungringin-1','$2y$12$QiC/2OKVexPGZDNttZl9w.JsSmCt1wUbagmLx9X2ngtXPbvv3ot7W','JJZ132',NULL,'2026-02-27 01:08:10','2026-02-27 01:08:10',3,350,'App\\Models\\PPSMember'),(421,'PPS Kedungringin 2','pps-kedungringin-2','$2y$12$bOZhh11hmLY0JvE3B4ZOv.BNVkPC0MIvHuxCW23dw3ZEkjxWQV7z.','FH4H72',NULL,'2026-02-27 01:08:10','2026-02-27 01:08:10',3,351,'App\\Models\\PPSMember'),(422,'PPS Kedungringin 3','pps-kedungringin-3','$2y$12$19FGcuVOMfKO33RArCbHIOqHVsaZG3Y7l60/6vyzjYaM6P.QcOIZq','SYHL96',NULL,'2026-02-27 01:08:10','2026-02-27 01:08:10',3,352,'App\\Models\\PPSMember'),(423,'PPS Kumendung 1','pps-kumendung-1','$2y$12$TzzrpCfIXnCXEavyHPHS/e.VK7S/b5ywG7XkJ.M77kmhjekAnqI9e','RX5L90',NULL,'2026-02-27 01:08:11','2026-02-27 01:08:11',3,353,'App\\Models\\PPSMember'),(424,'PPS Kumendung 2','pps-kumendung-2','$2y$12$/B00FiUGoUzYxcWWcNCL2.Xixo8o5ocUI0.A2TV1wUcgfR45Ft8mK','L04H44',NULL,'2026-02-27 01:08:11','2026-02-27 01:08:11',3,354,'App\\Models\\PPSMember'),(425,'PPS Kumendung 3','pps-kumendung-3','$2y$12$BF4wTwrinrZ8EmaetYEt/e1on5KVszuF9t54wyXp6lqEtWb8B/tM2','KKNZ14',NULL,'2026-02-27 01:08:11','2026-02-27 01:08:11',3,355,'App\\Models\\PPSMember'),(426,'PPS Sumber Beras 1','pps-sumber-beras-1','$2y$12$sNsZYURfhiY3XAWoEWam6uqXyvn1tYPW4vfG4CjmEzAx1zhbj84xa','MDL193',NULL,'2026-02-27 01:08:12','2026-02-27 01:08:12',3,356,'App\\Models\\PPSMember'),(427,'PPS Sumber Beras 2','pps-sumber-beras-2','$2y$12$rrEYWA4C/IivHz92hJGkq.7kOZRsHINS7slHH0suO5DkP8Ay9K7qa','P6EX15',NULL,'2026-02-27 01:08:12','2026-02-27 01:08:12',3,357,'App\\Models\\PPSMember'),(428,'PPS Sumber Beras 3','pps-sumber-beras-3','$2y$12$GAO.6ljJVhI.cYxJHA0zB.q7lsAsZxWchPtXD8dphyTPR/VcSw7SC','65D343',NULL,'2026-02-27 01:08:12','2026-02-27 01:08:12',3,358,'App\\Models\\PPSMember'),(429,'PPS Sumbersewu 1','pps-sumbersewu-1','$2y$12$XMnMm7.wnksHJTZudOUqM.7vaBJbuucn/FeFT1H2VDZUoZvl.GNWS','MUNE77',NULL,'2026-02-27 01:08:13','2026-02-27 01:08:13',3,359,'App\\Models\\PPSMember'),(430,'PPS Sumbersewu 2','pps-sumbersewu-2','$2y$12$j/nswttczHv/yHU10U8/w.s0sl8Tqt8b453PXK7kzBdVbbS72kqES','N7WO55',NULL,'2026-02-27 01:08:13','2026-02-27 01:08:13',3,360,'App\\Models\\PPSMember'),(431,'PPS Sumbersewu 3','pps-sumbersewu-3','$2y$12$ZCAdl//3qP9l92qgg5N84u8igwqEbhr0ZrVrkc1Au9ZHRGEevVuAi','ODYK28',NULL,'2026-02-27 01:08:13','2026-02-27 01:08:13',3,361,'App\\Models\\PPSMember'),(432,'PPS Tambakrejo 1','pps-tambakrejo-1','$2y$12$F8ZPvF/s6saExqLH/ia8sekMBj5gs0j7f/XF7e7ighdAyLGHHJ54q','NSJO82',NULL,'2026-02-27 01:08:14','2026-02-27 01:08:14',3,362,'App\\Models\\PPSMember'),(433,'PPS Tambakrejo 2','pps-tambakrejo-2','$2y$12$OZeZFSUwrnd/zwA9hYR6P.Lp/xa.pXknBBFbRRmZK/l.huUZI5rsG','KBN977',NULL,'2026-02-27 01:08:14','2026-02-27 01:08:14',3,363,'App\\Models\\PPSMember'),(434,'PPS Tambakrejo 3','pps-tambakrejo-3','$2y$12$oH6g86y/OAzkAKY4ZwFZ4uhAyWk6apiipqE7NAZVWjPP.3mIwdX.K','LCUM49',NULL,'2026-02-27 01:08:14','2026-02-27 01:08:14',3,364,'App\\Models\\PPSMember'),(435,'PPS Tapanrejo 1','pps-tapanrejo-1','$2y$12$n8Z755q.ZAmew6TqaqOHwuWdrVuGU.fB6W82COQ2NOe4s9GdMdrDi','ZEKW60',NULL,'2026-02-27 01:08:14','2026-02-27 01:08:14',3,365,'App\\Models\\PPSMember'),(436,'PPS Tapanrejo 2','pps-tapanrejo-2','$2y$12$9vgYo8.Erl82ZpWiSyZQaOuCmC96GgZldn8Dvr2CXF9mdxBio62mK','ASHI98',NULL,'2026-02-27 01:08:15','2026-02-27 01:08:15',3,366,'App\\Models\\PPSMember'),(437,'PPS Tapanrejo 3','pps-tapanrejo-3','$2y$12$QgIm5z1c/1zQdDhp3gLmJ.Nvx5nHkNV7uZKqLpvBgHFFEEmsYEV3.','BG9J77',NULL,'2026-02-27 01:08:15','2026-02-27 01:08:15',3,367,'App\\Models\\PPSMember'),(438,'PPS Tembokrejo 1','pps-tembokrejo-1','$2y$12$hA7OlLjK64NAzOCNX.NB6Oe55fk19a9MlllA6nzR7isZYW97ynVMC','AE3V17',NULL,'2026-02-27 01:08:15','2026-02-27 01:08:15',3,368,'App\\Models\\PPSMember'),(439,'PPS Tembokrejo 2','pps-tembokrejo-2','$2y$12$idZzm1oqYT047HXqVFWXReJq8HoeRIWkc5cD8.RtGWlS2aSyL2SuS','RNUA85',NULL,'2026-02-27 01:08:16','2026-02-27 01:08:16',3,369,'App\\Models\\PPSMember'),(440,'PPS Tembokrejo 3','pps-tembokrejo-3','$2y$12$nnuMGavSncSzQ8PuPaoyFe0tD/bUWH0FYaDfV8hfuRXVSm/TanPbG','QBOD55',NULL,'2026-02-27 01:08:16','2026-02-27 01:08:16',3,370,'App\\Models\\PPSMember'),(441,'PPS Wringinputih 1','pps-wringinputih-1','$2y$12$egNU1ig4Yz2ulbzbZf.1BurxDrTiz/.Vogj1B4eBG65R/Goo0aPQe','TVT351',NULL,'2026-02-27 01:08:16','2026-02-27 01:08:16',3,371,'App\\Models\\PPSMember'),(442,'PPS Wringinputih 2','pps-wringinputih-2','$2y$12$xiE08KdVlYvYFFDS4l3//.kn975EGfLm5rXENQsdhBX0ipEuIYBvy','JH3U77',NULL,'2026-02-27 01:08:17','2026-02-27 01:08:17',3,372,'App\\Models\\PPSMember'),(443,'PPS Wringinputih 3','pps-wringinputih-3','$2y$12$bJ7kfifNsHWvkGzsnJ.x2.r9LuJaD9yqbQKx15oDf7TTmGxpDypbu','TQOC27',NULL,'2026-02-27 01:08:17','2026-02-27 01:08:17',3,373,'App\\Models\\PPSMember'),(444,'PPK Pesanggaran 1','ppk-pesanggaran-1','$2y$12$wy.T6WcJcuB/KAtc9txGA.YI7xPPQz6TJQlLxVPxnm9QKeafRurpW','TRHW44',NULL,'2026-02-27 01:08:17','2026-02-27 01:08:17',2,71,'App\\Models\\PPKMember'),(445,'PPK Pesanggaran 2','ppk-pesanggaran-2','$2y$12$teIiKDAQS6WV1u47oUH1SOPxEfXQTW7Yt0pQxPZORR1On8en/JJHe','YAIM35',NULL,'2026-02-27 01:08:17','2026-02-27 01:08:17',2,72,'App\\Models\\PPKMember'),(446,'PPK Pesanggaran 3','ppk-pesanggaran-3','$2y$12$7SieHi/4yGZamcqEXBtB4.oU4YwqVKtmxLPw./Ph7C4rSJV/zCu5q','9M0O49',NULL,'2026-02-27 01:08:18','2026-02-27 01:08:18',2,73,'App\\Models\\PPKMember'),(447,'PPK Pesanggaran 4','ppk-pesanggaran-4','$2y$12$j97EhyDDQ91eSjZIxyVDyeoo.0Kr1uB/hLFyEDf1KS7XahJ1SEWeC','8TQ016',NULL,'2026-02-27 01:08:18','2026-02-27 01:08:18',2,74,'App\\Models\\PPKMember'),(448,'PPK Pesanggaran 5','ppk-pesanggaran-5','$2y$12$87x/z0zGdQ/LkFjbRvvgNeHRsWukqcuoULU1ZB1d1lsAdvUk5CEgW','SVJD13',NULL,'2026-02-27 01:08:18','2026-02-27 01:08:18',2,75,'App\\Models\\PPKMember'),(449,'PPS Kandangan 1','pps-kandangan-1','$2y$12$VgdmR7ghdmhpqkyiXD3DTe5BD01XtZb8svQtpCGYTo22zlHhsZsDS','MU3C32',NULL,'2026-02-27 01:08:19','2026-02-27 01:08:19',3,374,'App\\Models\\PPSMember'),(450,'PPS Kandangan 2','pps-kandangan-2','$2y$12$A7jie0asa0e.w9FJH5lWqeW4zLr8nLJebXdqfcqf00NY1v31dIr2O','ITVM44',NULL,'2026-02-27 01:08:19','2026-02-27 01:08:19',3,375,'App\\Models\\PPSMember'),(451,'PPS Kandangan 3','pps-kandangan-3','$2y$12$GXcwj7dmqNjNGUR6fkHPqu/8glm9SwQlWO81OkGIPHVpYI/CmrOWS','AKEB12',NULL,'2026-02-27 01:08:20','2026-02-27 01:08:20',3,376,'App\\Models\\PPSMember'),(452,'PPS Pesanggaran 1','pps-pesanggaran-1','$2y$12$ys0zgcdh0kRYTA9QDBcjdueqNCb4F9nT5Lck3P0427c9QAHeHU1nC','X89241',NULL,'2026-02-27 01:08:20','2026-02-27 01:08:20',3,377,'App\\Models\\PPSMember'),(453,'PPS Pesanggaran 2','pps-pesanggaran-2','$2y$12$K8GAiSrclQotngAAsgUCuePVXdKSrwgrqhgy2uRcj1.QVqRfjodfu','2KSD53',NULL,'2026-02-27 01:08:20','2026-02-27 01:08:20',3,378,'App\\Models\\PPSMember'),(454,'PPS Pesanggaran 3','pps-pesanggaran-3','$2y$12$9yss6pmFyV/Xzi6Qd2bRROEpNrF87mjc34HKsZoSRqMRYDLrngRze','NFHF86',NULL,'2026-02-27 01:08:21','2026-02-27 01:08:21',3,379,'App\\Models\\PPSMember'),(455,'PPS Sarongan 1','pps-sarongan-1','$2y$12$PI2DI7CP5ba1GVce9Ht9HeJHw9OY6Ga6IOtPv5.xF0f/Oav0rAB6K','AEPT17',NULL,'2026-02-27 01:08:21','2026-02-27 01:08:21',3,380,'App\\Models\\PPSMember'),(456,'PPS Sarongan 2','pps-sarongan-2','$2y$12$V9XIZrego80WYyxzrCrYROkD8SLOeC7huJ/.tQ6NvM6X.3cm1ahvm','HDZH71',NULL,'2026-02-27 01:08:21','2026-02-27 01:08:21',3,381,'App\\Models\\PPSMember'),(457,'PPS Sarongan 3','pps-sarongan-3','$2y$12$qoVmlS8a1xwvs/2zq7qBveH9PvcXnigBgw4On8By2dfpH.yIdywJW','CZLX38',NULL,'2026-02-27 01:08:22','2026-02-27 01:08:22',3,382,'App\\Models\\PPSMember'),(458,'PPS Sumberagung 1','pps-sumberagung-1','$2y$12$.B7.Pr22JLeZ.Y74UjhpjOmaLApjCLIAzjbN4dN0nm2/d5aXtE/OK','9KEK28',NULL,'2026-02-27 01:08:22','2026-02-27 01:08:22',3,383,'App\\Models\\PPSMember'),(459,'PPS Sumberagung 2','pps-sumberagung-2','$2y$12$WDrmpDSMhVBbgTRsLpq7Y.fnPw9k0A7qLA.Mmh0sARU4hIV6cGA0a','LEOW21',NULL,'2026-02-27 01:08:22','2026-02-27 01:08:22',3,384,'App\\Models\\PPSMember'),(460,'PPS Sumberagung 3','pps-sumberagung-3','$2y$12$O920s3meYOaKBHZCZr6vVe4laofPe..S0i8LYyHYC6QZsyP2K0HJa','ZYSB66',NULL,'2026-02-27 01:08:23','2026-02-27 01:08:23',3,385,'App\\Models\\PPSMember'),(461,'PPS Sumbermulyo 1','pps-sumbermulyo-1','$2y$12$zom85BHrp4W3nwxDFHPMNuFC9hpt/pK86gAfJQUolqRKf6fEpPbla','DUBL45',NULL,'2026-02-27 01:08:23','2026-02-27 01:08:23',3,386,'App\\Models\\PPSMember'),(462,'PPS Sumbermulyo 2','pps-sumbermulyo-2','$2y$12$Sx4eEgrLqPPC7Gfu7lk7KuQq.pgTjFxuTBe/Eo6QTZFcnOTsnz2vu','VMVZ79',NULL,'2026-02-27 01:08:23','2026-02-27 01:08:23',3,387,'App\\Models\\PPSMember'),(463,'PPS Sumbermulyo 3','pps-sumbermulyo-3','$2y$12$VAu6Y2MW90yWTXlC4b98VuykiVJG62ad1Ap8R.dkcB9TrusRDZTb2','HUHS70',NULL,'2026-02-27 01:08:23','2026-02-27 01:08:23',3,388,'App\\Models\\PPSMember'),(464,'PPK Purwoharjo 1','ppk-purwoharjo-1','$2y$12$gHEjQsmirX.u5C691jJO3OoTWeLfawJndGW6QYgKAkoMEbdRlzyNi','2L0N65',NULL,'2026-02-27 01:08:24','2026-02-27 01:08:24',2,76,'App\\Models\\PPKMember'),(465,'PPK Purwoharjo 2','ppk-purwoharjo-2','$2y$12$qYl1MtQHAuxUpS2PELHFG.F7VAwYxA3dfs8cd5jAAn.v2Q9KiejFm','GGBT24',NULL,'2026-02-27 01:08:24','2026-02-27 01:08:24',2,77,'App\\Models\\PPKMember'),(466,'PPK Purwoharjo 3','ppk-purwoharjo-3','$2y$12$RY433V2fNcQDyAnKixh0BedVIiCm9B.3GefPbrml.MZhrdv4vO9Qy','JXWQ55',NULL,'2026-02-27 01:08:24','2026-02-27 01:08:24',2,78,'App\\Models\\PPKMember'),(467,'PPK Purwoharjo 4','ppk-purwoharjo-4','$2y$12$08NcaxztBu.LA4NPCpz0J.u.3P3Lw25k58f8wr1S/QqIjU7QsxvLO','ASWO75',NULL,'2026-02-27 01:08:25','2026-02-27 01:08:25',2,79,'App\\Models\\PPKMember'),(468,'PPK Purwoharjo 5','ppk-purwoharjo-5','$2y$12$tmrzgSF/ym.9Lec2ZIc8qe9.JAx5AsxLs1cka6wHfzOxwCCIhJluK','DNCB90',NULL,'2026-02-27 01:08:25','2026-02-27 01:08:25',2,80,'App\\Models\\PPKMember'),(469,'PPS Bulurejo 1','pps-bulurejo-1','$2y$12$ReXgCabx2rDmUd25UJAZzepHzk.VoB6QIUETwiICaiky73CtbDKKO','XLUU56',NULL,'2026-02-27 01:08:26','2026-02-27 01:08:26',3,389,'App\\Models\\PPSMember'),(470,'PPS Bulurejo 2','pps-bulurejo-2','$2y$12$/d7wHsyW7XS0r/LZh4suweHrjIeI/nmwFyDBiFlLBcYUjEGENr1Fm','P1QO28',NULL,'2026-02-27 01:08:26','2026-02-27 01:08:26',3,390,'App\\Models\\PPSMember'),(471,'PPS Bulurejo 3','pps-bulurejo-3','$2y$12$R/uaynzOg8G95MyMjLCoYOe9LieYKYR/bu9/lTlti07FUaDmHjvM.','PQUK70',NULL,'2026-02-27 01:08:26','2026-02-27 01:08:26',3,391,'App\\Models\\PPSMember'),(472,'PPS Glagahagung 1','pps-glagahagung-1','$2y$12$vTdfItKCGYiN1m9pmUyHeO/vfpYLTSYZ0kS23rexCbsIZqYpVm7by','XSCE22',NULL,'2026-02-27 01:08:26','2026-02-27 01:08:26',3,392,'App\\Models\\PPSMember'),(473,'PPS Glagahagung 2','pps-glagahagung-2','$2y$12$GjfuAB0xrcGmZPcTdNtYHOXcIEbaVLlwE9lzYCwV78ielxndqitsa','D6JV10',NULL,'2026-02-27 01:08:27','2026-02-27 01:08:27',3,393,'App\\Models\\PPSMember'),(474,'PPS Glagahagung 3','pps-glagahagung-3','$2y$12$DapqunGaMR/E7.DnzlMIcum.N3TIz.gRE8C4EloSp1372AFqY5m7K','TNCI47',NULL,'2026-02-27 01:08:27','2026-02-27 01:08:27',3,394,'App\\Models\\PPSMember'),(475,'PPS Grajagan 1','pps-grajagan-1','$2y$12$aPWIfWhpG87q5CRATi0gNeIxb.oC2DWiA7tWUnwS4eaVDLvFLh0VS','PBTX91',NULL,'2026-02-27 01:08:27','2026-02-27 01:08:27',3,395,'App\\Models\\PPSMember'),(476,'PPS Grajagan 2','pps-grajagan-2','$2y$12$59q4T31SRRWM92.7PR1SkOFA50UTeDunIHs/dmznRhFXIrwcSmrjK','FEVP90',NULL,'2026-02-27 01:08:28','2026-02-27 01:08:28',3,396,'App\\Models\\PPSMember'),(477,'PPS Grajagan 3','pps-grajagan-3','$2y$12$id29dacUlMjSEgydHpznoOMl4NwRYpDvvDXWjJNikhD/1px2sS/x6','PGKC37',NULL,'2026-02-27 01:08:28','2026-02-27 01:08:28',3,397,'App\\Models\\PPSMember'),(478,'PPS Karetan 1','pps-karetan-1','$2y$12$pJX.NT2bdXFItyzzxzvL7uXcvvOJPxtRikLfA5jRJDOd4OSpHgPT2','QN0R30',NULL,'2026-02-27 01:08:28','2026-02-27 01:08:28',3,398,'App\\Models\\PPSMember'),(479,'PPS Karetan 2','pps-karetan-2','$2y$12$hD6BW6KqaZc.hmBMuqdBf.Op9GnCaeqsJg.7v/sc/FySZf/uKNSbq','279J38',NULL,'2026-02-27 01:08:29','2026-02-27 01:08:29',3,399,'App\\Models\\PPSMember'),(480,'PPS Karetan 3','pps-karetan-3','$2y$12$s7EBi2twVQQ9OIMSoGJlQuZLtMetRooBNQKs8JyTxtAn6tNtorj72','9TSF60',NULL,'2026-02-27 01:08:29','2026-02-27 01:08:29',3,400,'App\\Models\\PPSMember'),(481,'PPS Kradenan 1','pps-kradenan-1','$2y$12$iZc63C2lPO5ssis4ps8qOO3R/1JEAdF1LRu5OVSf6nzMy31hQ8AVe','RB9P23',NULL,'2026-02-27 01:08:29','2026-02-27 01:08:29',3,401,'App\\Models\\PPSMember'),(482,'PPS Kradenan 2','pps-kradenan-2','$2y$12$Ph0GEfYPmw2GvhVNIXZDYOnmfW1rzgEcIKmBUnUH3od03MVsxk2/a','EVHG56',NULL,'2026-02-27 01:08:30','2026-02-27 01:08:30',3,402,'App\\Models\\PPSMember'),(483,'PPS Kradenan 3','pps-kradenan-3','$2y$12$e1gdDSmQ3xUowdfH8MSbjeDWvf6ngN2y.JVagppGMSrEJRpzQA4Gi','3QQU36',NULL,'2026-02-27 01:08:30','2026-02-27 01:08:30',3,403,'App\\Models\\PPSMember'),(484,'PPS Purwoharjo 1','pps-purwoharjo-1','$2y$12$nNKDdZUYHS5yTjnevrlwL.JDFabgcSv/H3.70x1lVIoDJ48LIHk5O','TDF882',NULL,'2026-02-27 01:08:30','2026-02-27 01:08:30',3,404,'App\\Models\\PPSMember'),(485,'PPS Purwoharjo 2','pps-purwoharjo-2','$2y$12$/Xxq5oZcM5R34GFmVWFPXORYtgOKcH0bPbTkeGhxViEjYZAInV8d.','DCLN98',NULL,'2026-02-27 01:08:31','2026-02-27 01:08:31',3,405,'App\\Models\\PPSMember'),(486,'PPS Purwoharjo 3','pps-purwoharjo-3','$2y$12$CTLnHWq3gqvUrs6X0VZFS.DhLdQBgEZVp7TWYZ2/NsWTgRV4iQN.e','BKIM51',NULL,'2026-02-27 01:08:31','2026-02-27 01:08:31',3,406,'App\\Models\\PPSMember'),(487,'PPS Sidorejo 1','pps-sidorejo-1','$2y$12$vc8DUUwCJ3FCQYZ7BA6BYeW3n6sKeA/WWCYqYZbt5z81O3uUkaO/i','PAMU75',NULL,'2026-02-27 01:08:31','2026-02-27 01:08:31',3,407,'App\\Models\\PPSMember'),(488,'PPS Sidorejo 2','pps-sidorejo-2','$2y$12$ddgnVW8pjPu3w4oxCqAAa.rka1iMlAgCn83MKs2EkOSwtnIzNOpgW','YTIF84',NULL,'2026-02-27 01:08:32','2026-02-27 01:08:32',3,408,'App\\Models\\PPSMember'),(489,'PPS Sidorejo 3','pps-sidorejo-3','$2y$12$cCDYCHhLuGtYIvRiP/jatu4KUEC9ixE6xEP709wKtWuE/5cPCgd/6','GMYG58',NULL,'2026-02-27 01:08:32','2026-02-27 01:08:32',3,409,'App\\Models\\PPSMember'),(490,'PPS Sumberasri 1','pps-sumberasri-1','$2y$12$ab5OuSYJBxD3K4b5dht5K.ulUI.ATgmRX.xOz/6ZSmuUVStaeprqa','0MBR38',NULL,'2026-02-27 01:08:32','2026-02-27 01:08:32',3,410,'App\\Models\\PPSMember'),(491,'PPS Sumberasri 2','pps-sumberasri-2','$2y$12$zmb8NVObMuDSuhxF4FRAWOdSYrewgTqHyhfWGeUWaLPBYJgAn5KEW','IWJJ71',NULL,'2026-02-27 01:08:33','2026-02-27 01:08:33',3,411,'App\\Models\\PPSMember'),(492,'PPS Sumberasri 3','pps-sumberasri-3','$2y$12$Y0JUCY/5.nU02MjDzKZdEOeWQR3lxWBhG/lSLLTUvwf9a0od7btaS','JYIN83',NULL,'2026-02-27 01:08:33','2026-02-27 01:08:33',3,412,'App\\Models\\PPSMember'),(493,'PPK Rogojampi 1','ppk-rogojampi-1','$2y$12$Lq9s.hHPv6k1OvGkncxEO.N0NunVSIqiSL2gF.H0mPcqiSqW3bp.m','D7V996',NULL,'2026-02-27 01:08:33','2026-02-27 01:08:33',2,81,'App\\Models\\PPKMember'),(494,'PPK Rogojampi 2','ppk-rogojampi-2','$2y$12$yojPUG5LL3TjVZOOWLtKCuJNqwKMeMV1mf/GH7.zpX4WHMujYF6NW','LG2445',NULL,'2026-02-27 01:08:34','2026-02-27 01:08:34',2,82,'App\\Models\\PPKMember'),(495,'PPK Rogojampi 3','ppk-rogojampi-3','$2y$12$u0BjUV7Cjl2ZQ/A3c8FehO8yHj1ZES39eXQhEo.xEaqgH5cYRveVK','KSKS26',NULL,'2026-02-27 01:08:34','2026-02-27 01:08:34',2,83,'App\\Models\\PPKMember'),(496,'PPK Rogojampi 4','ppk-rogojampi-4','$2y$12$FvuHwkF56q83ciUn.xJFx.n9YCDhesAcWAgUnwT0UyxlAhOVRHonm','9SR783',NULL,'2026-02-27 01:08:34','2026-02-27 01:08:34',2,84,'App\\Models\\PPKMember'),(497,'PPK Rogojampi 5','ppk-rogojampi-5','$2y$12$R.xxCZ.n4P6E4r/rVrU9HOvF9yjxk3mBWXvxVq/IaE5nSUNZKNO9a','0N7I46',NULL,'2026-02-27 01:08:35','2026-02-27 01:08:35',2,85,'App\\Models\\PPKMember'),(498,'PPS Aliyan 1','pps-aliyan-1','$2y$12$kXaKY/tEAUtSTnYujAfYb.dnYLaU52gxIsMOLMUoT1rVl2nhoS2cu','J4BP32',NULL,'2026-02-27 01:08:35','2026-02-27 01:08:35',3,413,'App\\Models\\PPSMember'),(499,'PPS Aliyan 2','pps-aliyan-2','$2y$12$lbueLB7x63FzkszEriTOsu9TxD6YTEpZiPd9wRZ4dKHWh5.PxOVjC','FE7639',NULL,'2026-02-27 01:08:35','2026-02-27 01:08:35',3,414,'App\\Models\\PPSMember'),(500,'PPS Aliyan 3','pps-aliyan-3','$2y$12$oIHi5lmjIzDSA6c2pfjQn.2kggttqbl5lTMzqLpAXzKQckcRv.tF6','QNG340',NULL,'2026-02-27 01:08:36','2026-02-27 01:08:36',3,415,'App\\Models\\PPSMember'),(501,'PPS Bubuk 1','pps-bubuk-1','$2y$12$erzI1bkbojnNE7bn/e3Uhu.1Lzv3Y9NQ65qvUYFIj37LuZzPH4Nr6','PDVV20',NULL,'2026-02-27 01:08:36','2026-02-27 01:08:36',3,416,'App\\Models\\PPSMember'),(502,'PPS Bubuk 2','pps-bubuk-2','$2y$12$m3QOY2aPaCxZZhclwto84eyLsZGoCcsFThgzTqPZmPzwBxzrgAU2G','8QPQ43',NULL,'2026-02-27 01:08:36','2026-02-27 01:08:36',3,417,'App\\Models\\PPSMember'),(503,'PPS Bubuk 3','pps-bubuk-3','$2y$12$lRvxZI6NcgqDpFuZA87zx.n.UwwwoSqOeeQ7XytgKvE8h/WBNGeP2','JCIS38',NULL,'2026-02-27 01:08:37','2026-02-27 01:08:37',3,418,'App\\Models\\PPSMember'),(504,'PPS Gitik 1','pps-gitik-1','$2y$12$tW8Xc/ksTaiVw8UgKkQz1.wPg18ak8ZnS6JfNlkfp3X4hk5Y0Q1Oa','LXKY90',NULL,'2026-02-27 01:08:37','2026-02-27 01:08:37',3,419,'App\\Models\\PPSMember'),(505,'PPS Gitik 2','pps-gitik-2','$2y$12$xniIBc6OkywQ7t198PNtteYgWx3MuyBxIjOES2snjnjAHmaealCoe','U2DB15',NULL,'2026-02-27 01:08:37','2026-02-27 01:08:37',3,420,'App\\Models\\PPSMember'),(506,'PPS Gitik 3','pps-gitik-3','$2y$12$Dj1R3M.jpqZChckkH1suqeMCyaL7CzItf/Pr7q5uqbG8H9hl6KJy.','O6IG66',NULL,'2026-02-27 01:08:38','2026-02-27 01:08:38',3,421,'App\\Models\\PPSMember'),(507,'PPS Gladag 1','pps-gladag-1','$2y$12$DBRZSl0wexkQu6LJLxLh7OjgMbTB9/GToA/cF1yTPX514ucc0rhM6','UG3526',NULL,'2026-02-27 01:08:38','2026-02-27 01:08:38',3,422,'App\\Models\\PPSMember'),(508,'PPS Gladag 2','pps-gladag-2','$2y$12$1ISh6bygvwtqZzcxPoZWa.RP3yGn0fYk/ZnC.7pdGBzS70rVsi772','Q9BN13',NULL,'2026-02-27 01:08:39','2026-02-27 01:08:39',3,423,'App\\Models\\PPSMember'),(509,'PPS Gladag 3','pps-gladag-3','$2y$12$oepyD2B1HcdlAhMXRw6.xuqLB5vRzeDvvNV.14KN9afovP13cDWjK','NLKR57',NULL,'2026-02-27 01:08:39','2026-02-27 01:08:39',3,424,'App\\Models\\PPSMember'),(510,'PPS Karangbendo 1','pps-karangbendo-1','$2y$12$rVaTtyefJnTVqDgs9IRv8ehGFGSN03DybelWE1U77HX2GVvAFSWVG','ZDW115',NULL,'2026-02-27 01:08:39','2026-02-27 01:08:39',3,425,'App\\Models\\PPSMember'),(511,'PPS Karangbendo 2','pps-karangbendo-2','$2y$12$FIdqZ2V1WUN4ke7mwQsIXOEA9cemceNMfZN4UlKZIs3p.7TEdH6dW','F77U41',NULL,'2026-02-27 01:08:39','2026-02-27 01:08:39',3,426,'App\\Models\\PPSMember'),(512,'PPS Karangbendo 3','pps-karangbendo-3','$2y$12$L8/JVArf5MqO2pP6jkxU7esv7/u7ZSBI7Ynm/J4VDMWWJuvnA4ZLi','G37S49',NULL,'2026-02-27 01:08:40','2026-02-27 01:08:40',3,427,'App\\Models\\PPSMember'),(513,'PPS Kedaleman 1','pps-kedaleman-1','$2y$12$k9fDyANo/WBtkxq0RjGoC.F/iCOB1lWS/ClyO4sWDwiDHsh/NR4yi','VWYA84',NULL,'2026-02-27 01:08:40','2026-02-27 01:08:40',3,428,'App\\Models\\PPSMember'),(514,'PPS Kedaleman 2','pps-kedaleman-2','$2y$12$KzlpEDIXJV8i8yW7zhHOh..RiJiBMtuULJFGUMyPFtIENgqKB9D26','S89R84',NULL,'2026-02-27 01:08:40','2026-02-27 01:08:40',3,429,'App\\Models\\PPSMember'),(515,'PPS Kedaleman 3','pps-kedaleman-3','$2y$12$2keV1LYzOIFWqMVEOFQZtOPTv4E8VA9gSH0k4iL3xqeH8ekXQpdVy','OMGQ38',NULL,'2026-02-27 01:08:41','2026-02-27 01:08:41',3,430,'App\\Models\\PPSMember'),(516,'PPS Lemahbangdewo 1','pps-lemahbangdewo-1','$2y$12$pWFIpn.z1On19ytsnfSFveDng3aFopM4Fl2HGNErRTeCRn4JlrdHe','RIPO40',NULL,'2026-02-27 01:08:41','2026-02-27 01:08:41',3,431,'App\\Models\\PPSMember'),(517,'PPS Lemahbangdewo 2','pps-lemahbangdewo-2','$2y$12$zV81YuPeA9gqupIpKd4JlOS8cqS6ybTUsQxxM0kK.Wb.MI4EUhVVK','AJKJ91',NULL,'2026-02-27 01:08:41','2026-02-27 01:08:41',3,432,'App\\Models\\PPSMember'),(518,'PPS Lemahbangdewo 3','pps-lemahbangdewo-3','$2y$12$k6x.KyJc3Uorf0C6Zvz4YOhxbVcFZ0UCXjdeNOQ0Md5LTC3N.Cnwy','XGEB11',NULL,'2026-02-27 01:08:42','2026-02-27 01:08:42',3,433,'App\\Models\\PPSMember'),(519,'PPS Mangir 1','pps-mangir-1','$2y$12$bwTSg/P8VGIvkISMmCAHRe.Un5x6QXfpJlr5UG1Fh0iB66mRMzDE2','EJ5195',NULL,'2026-02-27 01:08:42','2026-02-27 01:08:42',3,434,'App\\Models\\PPSMember'),(520,'PPS Mangir 2','pps-mangir-2','$2y$12$h9wn4DnP5yLkx47qwxrudua/5pVz/kGFV4rEApocekqsMPid6Sc9m','BAYK64',NULL,'2026-02-27 01:08:42','2026-02-27 01:08:42',3,435,'App\\Models\\PPSMember'),(521,'PPS Mangir 3','pps-mangir-3','$2y$12$rUMffwJ4/pBxYtAPSK7V6ejtTluvMWBpF4ZJgmsqXdRTx0RFhISxO','LFHZ65',NULL,'2026-02-27 01:08:43','2026-02-27 01:08:43',3,436,'App\\Models\\PPSMember'),(522,'PPS Pengatigan 1','pps-pengatigan-1','$2y$12$zOYMmNA.0x2W4b3NZ4Co3elulUyeI9yiUMdv/FZlZI6Z04KBFzU.i','6OVP68',NULL,'2026-02-27 01:08:43','2026-02-27 01:08:43',3,437,'App\\Models\\PPSMember'),(523,'PPS Pengatigan 2','pps-pengatigan-2','$2y$12$4QVppEPH6c9Ig9SLMku/mu0g/YIwsU50o/lmf.AXkrxyWW03ipO..','LYST53',NULL,'2026-02-27 01:08:43','2026-02-27 01:08:43',3,438,'App\\Models\\PPSMember'),(524,'PPS Pengatigan 3','pps-pengatigan-3','$2y$12$KAI21WpcSO0dE0qlKH8Lg.yHp4IgPJygHoMx9CO5xwklAET8a6P0m','TMDH15',NULL,'2026-02-27 01:08:44','2026-02-27 01:08:44',3,439,'App\\Models\\PPSMember'),(525,'PPS Rogojampi 1','pps-rogojampi-1','$2y$12$nUBVaIpDOn6gmH3ZlX1/cOycf7WGlKatolmud./YTiCs5tp/rUoJa','W8JC22',NULL,'2026-02-27 01:08:44','2026-02-27 01:08:44',3,440,'App\\Models\\PPSMember'),(526,'PPS Rogojampi 2','pps-rogojampi-2','$2y$12$28SHxts.KWZBHmoKVAoMEuOHa.CPnRzllqiU7qPDVM4VBhT9OGX3u','TPGW16',NULL,'2026-02-27 01:08:44','2026-02-27 01:08:44',3,441,'App\\Models\\PPSMember'),(527,'PPS Rogojampi 3','pps-rogojampi-3','$2y$12$ffRbGWQyqupWRVunetdZju3VMSN8szDCsHH0PfWbvIGdoY.OxjVwu','YA1G11',NULL,'2026-02-27 01:08:45','2026-02-27 01:08:45',3,442,'App\\Models\\PPSMember'),(528,'PPK Sempu 1','ppk-sempu-1','$2y$12$Qh5Bmpw97SBrQM5AEwVFz.4cj.BVVdNTjr59YaccWUxnDddF55BRS','KYZO78',NULL,'2026-02-27 01:08:45','2026-02-27 01:08:45',2,86,'App\\Models\\PPKMember'),(529,'PPK Sempu 2','ppk-sempu-2','$2y$12$KaHAkc/opaRckpRfk1i6yODB.3CEgElZkoIV4K2H2mATen9xZcBOG','LKND62',NULL,'2026-02-27 01:08:45','2026-02-27 01:08:45',2,87,'App\\Models\\PPKMember'),(530,'PPK Sempu 3','ppk-sempu-3','$2y$12$8uYeoVSFhakDjtS97YnKi.FZrZRS28Fv4Ku1ZwTvpa1hyr.aBpFDe','TAUC85',NULL,'2026-02-27 01:08:46','2026-02-27 01:08:46',2,88,'App\\Models\\PPKMember'),(531,'PPK Sempu 4','ppk-sempu-4','$2y$12$GZFvhzJbf0fBlAClSuxiKuDT4AZliJ25EES5TqQFjgYeBWs/6Cz/G','6XO997',NULL,'2026-02-27 01:08:46','2026-02-27 01:08:46',2,89,'App\\Models\\PPKMember'),(532,'PPK Sempu 5','ppk-sempu-5','$2y$12$S2qGbPsw4fhzobeJE6h9GeFPQVuK5Gvj9khB2Zu/YV24NkNWx2PSO','46JO12',NULL,'2026-02-27 01:08:46','2026-02-27 01:08:46',2,90,'App\\Models\\PPKMember'),(533,'PPS Gendoh 1','pps-gendoh-1','$2y$12$zyh2wkV0xyyKRBz9nJDn3OPPwq3ZDSaFh0eOIGxv7Z1/ZfhuNjZDO','8KYO17',NULL,'2026-02-27 01:08:47','2026-02-27 01:08:47',3,443,'App\\Models\\PPSMember'),(534,'PPS Gendoh 2','pps-gendoh-2','$2y$12$qshaNWUGr7H0fJAdKp6IvuTZFjKAzjuv8CfYyVphZp8LHUZJm86G6','WOIT94',NULL,'2026-02-27 01:08:47','2026-02-27 01:08:47',3,444,'App\\Models\\PPSMember'),(535,'PPS Gendoh 3','pps-gendoh-3','$2y$12$Y3uCi4awp4iZMji4Ie0jheICm6Z63dC6Z3HR/x3kuTzBqt.tH1hty','GOVQ36',NULL,'2026-02-27 01:08:47','2026-02-27 01:08:47',3,445,'App\\Models\\PPSMember'),(536,'PPS Jambewangi 1','pps-jambewangi-1','$2y$12$Jt3EEumpRpq94bL2rRU/Vefw4/WDZWmOHs2l3cjUbYWmxSMBosLe2','IGYX51',NULL,'2026-02-27 01:08:48','2026-02-27 01:08:48',3,446,'App\\Models\\PPSMember'),(537,'PPS Jambewangi 2','pps-jambewangi-2','$2y$12$wk4dlA8U9HadMn2qG1NF0evhjqLKzCAXsXdkzSOTtcAV8r/8il0AS','IGJK18',NULL,'2026-02-27 01:08:48','2026-02-27 01:08:48',3,447,'App\\Models\\PPSMember'),(538,'PPS Jambewangi 3','pps-jambewangi-3','$2y$12$.1VuyC39KQZ093vP3RlQBup.Mq9Ax3UAR9e/HabwCyzSX4xWYXAHW','F6OM47',NULL,'2026-02-27 01:08:48','2026-02-27 01:08:48',3,448,'App\\Models\\PPSMember'),(539,'PPS Karangsari 1','pps-karangsari-1','$2y$12$jxSfKx/UHkFxG426Yk9/xO/x1uOWSzfWT4SGQX9r9G5clGsYEhT9O','VFIB53',NULL,'2026-02-27 01:08:49','2026-02-27 01:08:49',3,449,'App\\Models\\PPSMember'),(540,'PPS Karangsari 2','pps-karangsari-2','$2y$12$eqG.LjTcc2uIEaNNltNc5.mouz2eXQeeeD8.OhucBeDVGqqERparO','YUQ961',NULL,'2026-02-27 01:08:49','2026-02-27 01:08:49',3,450,'App\\Models\\PPSMember'),(541,'PPS Karangsari 3','pps-karangsari-3','$2y$12$u0s9eWD.85NzdmS2iiFDqOgwiK/O59QmTdaF0xCKVTulTJ07HpK3q','8EHS45',NULL,'2026-02-27 01:08:49','2026-02-27 01:08:49',3,451,'App\\Models\\PPSMember'),(542,'PPS Sempu 1','pps-sempu-1','$2y$12$IbiDUvkdm5WINwvUunc/fO4RBBIlPkVD6I6XDZkdhqKiTm9bcqlYS','H50566',NULL,'2026-02-27 01:08:50','2026-02-27 01:08:50',3,452,'App\\Models\\PPSMember'),(543,'PPS Sempu 2','pps-sempu-2','$2y$12$9v.TvT6Loqo5N54qNpNnGeRd7hb6qlK3VGvnT0OGS6v0v0oQEAd5W','PB9T91',NULL,'2026-02-27 01:08:50','2026-02-27 01:08:50',3,453,'App\\Models\\PPSMember'),(544,'PPS Sempu 3','pps-sempu-3','$2y$12$ZFaJV6ykydgG6ptoOwJUW.xgC5RQpivUeIzVH7dX0qNDrpZX7CS8S','GTGQ16',NULL,'2026-02-27 01:08:50','2026-02-27 01:08:50',3,454,'App\\Models\\PPSMember'),(545,'PPS Tegalarum 1','pps-tegalarum-1','$2y$12$qK6EgceH.tQ3WKupVL3KiumbaLwr5Y9vc8YIcXAMXiQq7IcwKOiYS','AAHH66',NULL,'2026-02-27 01:08:51','2026-02-27 01:08:51',3,455,'App\\Models\\PPSMember'),(546,'PPS Tegalarum 2','pps-tegalarum-2','$2y$12$kw/SjDDWUxnTA2Jti2oBkuJ60dFaY/hIr9EteqomNT7b2wW4cYQUu','P2ME91',NULL,'2026-02-27 01:08:51','2026-02-27 01:08:51',3,456,'App\\Models\\PPSMember'),(547,'PPS Tegalarum 3','pps-tegalarum-3','$2y$12$fB/RJD4zWqW5GLie170ZPOqFo6hekzjgUf82Xj98bhkNWfexqo.wu','P3NH24',NULL,'2026-02-27 01:08:51','2026-02-27 01:08:51',3,457,'App\\Models\\PPSMember'),(548,'PPS Temuasri 1','pps-temuasri-1','$2y$12$sFRstrTZckZoYfSJYCGyjudxXYjRD0U1rrw4u4vic5qcJ9zGdGGyW','ZQPJ78',NULL,'2026-02-27 01:08:52','2026-02-27 01:08:52',3,458,'App\\Models\\PPSMember'),(549,'PPS Temuasri 2','pps-temuasri-2','$2y$12$MRC70b/1HbDYnhZRi/C6g.HapAdam5li4f2Jmlk.r.lbUyBXgA.d6','DN0O63',NULL,'2026-02-27 01:08:52','2026-02-27 01:08:52',3,459,'App\\Models\\PPSMember'),(550,'PPS Temuasri 3','pps-temuasri-3','$2y$12$KpGTTm9et2BZ6pXR3HnLJ.LMFO8hOlieDPP6.ufFqjhfQ65JTFh1G','47YD56',NULL,'2026-02-27 01:08:52','2026-02-27 01:08:52',3,460,'App\\Models\\PPSMember'),(551,'PPS Temuguruh 1','pps-temuguruh-1','$2y$12$O0BjkVMMEgYLYN4Rn0dO5.Y9CuwmGn0J9XOflu2fFfhJflp.uVQWK','63IJ58',NULL,'2026-02-27 01:08:53','2026-02-27 01:08:53',3,461,'App\\Models\\PPSMember'),(552,'PPS Temuguruh 2','pps-temuguruh-2','$2y$12$/KIh2gtOBoKntzSWFiVob.rpLgC1nTNZlQw5y5CHxIPuNU33XUCT.','3UXT33',NULL,'2026-02-27 01:08:53','2026-02-27 01:08:53',3,462,'App\\Models\\PPSMember'),(553,'PPS Temuguruh 3','pps-temuguruh-3','$2y$12$721Ck07Z8eD76/95iei30eVwPlmVKoZXNMpBezAW7gxMRRvHfpCy2','KHXQ21',NULL,'2026-02-27 01:08:53','2026-02-27 01:08:53',3,463,'App\\Models\\PPSMember'),(554,'PPK Siliragung 1','ppk-siliragung-1','$2y$12$dtw9k9TI8sDMNCJD7T9Xx.uLC3MBiYkd6QEUMYAmS9uH.40/nkr6i','QM1M28',NULL,'2026-02-27 01:08:54','2026-02-27 01:08:54',2,91,'App\\Models\\PPKMember'),(555,'PPK Siliragung 2','ppk-siliragung-2','$2y$12$ZXCFQxr5ghCu2tHLogSxZOlMVm7MB42js7XDbEUHIBMtle1ebfO0e','J84716',NULL,'2026-02-27 01:08:54','2026-02-27 01:08:54',2,92,'App\\Models\\PPKMember'),(556,'PPK Siliragung 3','ppk-siliragung-3','$2y$12$hLMtSI64jWU4BgsGMQyI3.GxZFpVAU4nEcUGmPxWxOnkSGuc4Sqbq','6WU633',NULL,'2026-02-27 01:08:54','2026-02-27 01:08:54',2,93,'App\\Models\\PPKMember'),(557,'PPK Siliragung 4','ppk-siliragung-4','$2y$12$OJc0tBP8CGf8GCD9MhiezOlkD0KfQdzJDnwY9iIkdiLRhD/q1Aqxm','YKZU88',NULL,'2026-02-27 01:08:55','2026-02-27 01:08:55',2,94,'App\\Models\\PPKMember'),(558,'PPK Siliragung 5','ppk-siliragung-5','$2y$12$ID65QHwqydK974pUK47QCOF1dZvfHqiVBzgLcGC.xYeMABoNYaNNS','JC5W90',NULL,'2026-02-27 01:08:55','2026-02-27 01:08:55',2,95,'App\\Models\\PPKMember'),(559,'PPS Barurejo 1','pps-barurejo-1','$2y$12$g9p2Dn9PZ3rUC2S7aPv9xeBtGS6bgDJ7OLo0OKWNbn.cABzSO4JZ.','LUZH28',NULL,'2026-02-27 01:08:55','2026-02-27 01:08:55',3,464,'App\\Models\\PPSMember'),(560,'PPS Barurejo 2','pps-barurejo-2','$2y$12$G1E4hFgpcXVRCE0jb6taIeqDalKHEdNaD2iCKwsiv2iDf4IruWkgi','CLWP45',NULL,'2026-02-27 01:08:56','2026-02-27 01:08:56',3,465,'App\\Models\\PPSMember'),(561,'PPS Barurejo 3','pps-barurejo-3','$2y$12$j7mJFpK3ps50kYj2A6/ltutYOrCfiGcYl6sSiFNZWkOuF1lH7XiHG','YK0W32',NULL,'2026-02-27 01:08:56','2026-02-27 01:08:56',3,466,'App\\Models\\PPSMember'),(562,'PPS Buluagung 1','pps-buluagung-1','$2y$12$Lu3xMIiI.9VVXOECntrKf.iA5XQApoljrlIIJtRPG4JCl6tmsTlQW','L5PU59',NULL,'2026-02-27 01:08:56','2026-02-27 01:08:56',3,467,'App\\Models\\PPSMember'),(563,'PPS Buluagung 2','pps-buluagung-2','$2y$12$2lk1XY/eORO7QMXjGv84FO8tGIu63mEX4/eW7uhOZy4nziLQlGmXC','SOAP46',NULL,'2026-02-27 01:08:57','2026-02-27 01:08:57',3,468,'App\\Models\\PPSMember'),(564,'PPS Buluagung 3','pps-buluagung-3','$2y$12$Ej/IAFt44rP4YnrWviRlGeO638HsqJgxnRB5V7WBaoI/d2kF5CFHG','68AW14',NULL,'2026-02-27 01:08:57','2026-02-27 01:08:57',3,469,'App\\Models\\PPSMember'),(565,'PPS Kesilir 1','pps-kesilir-1','$2y$12$eQ9OJF0JAUpNmLT6o6d8fu3ee.uzI1DRXZSWtaOXps7SWg6UZygrC','M7AA84',NULL,'2026-02-27 01:08:57','2026-02-27 01:08:57',3,470,'App\\Models\\PPSMember'),(566,'PPS Kesilir 2','pps-kesilir-2','$2y$12$SwaEx9db5hhLCfTXv7DnMewqQPsusrn5/99Uc.OQV57.PzbcYLDc2','698S33',NULL,'2026-02-27 01:08:57','2026-02-27 01:08:57',3,471,'App\\Models\\PPSMember'),(567,'PPS Kesilir 3','pps-kesilir-3','$2y$12$hGH9h7L6Ywak1EJV5VDNK.T9vCnaYJDrAFLkMj4rw/7NnTsJ3GHZ.','AOZ740',NULL,'2026-02-27 01:08:58','2026-02-27 01:08:58',3,472,'App\\Models\\PPSMember'),(568,'PPS Seneporejo 1','pps-seneporejo-1','$2y$12$VVeAfR25lUYhYLq5liwA9uzuIoBD7y5gsWtnf7ys.DOI.vrFDFtRm','PNA330',NULL,'2026-02-27 01:08:58','2026-02-27 01:08:58',3,473,'App\\Models\\PPSMember'),(569,'PPS Seneporejo 2','pps-seneporejo-2','$2y$12$tou30wUgyDmiMSH1umNrtOlNdHQL8YZ2mB/P242eCSA0qrinGfkGa','PESQ43',NULL,'2026-02-27 01:08:58','2026-02-27 01:08:58',3,474,'App\\Models\\PPSMember'),(570,'PPS Seneporejo 3','pps-seneporejo-3','$2y$12$LJWZRiN.JvsuqGa.jWkCJeaLDdZopYNvaDM7Lc3noE1yxma5qRANu','NDGG76',NULL,'2026-02-27 01:08:59','2026-02-27 01:08:59',3,475,'App\\Models\\PPSMember'),(571,'PPS Siliragung 1','pps-siliragung-1','$2y$12$0aJRBUPJs/jJ0s4VYVqjU.0J.Ajes1lttbRJDG.ILPZ5vc0QjtyXm','MZUU64',NULL,'2026-02-27 01:08:59','2026-02-27 01:08:59',3,476,'App\\Models\\PPSMember'),(572,'PPS Siliragung 2','pps-siliragung-2','$2y$12$sziLYQunlnKQIzH.bsGUauzgNGMLOwTiwqpqxSJTVlyWfgtxFCv7i','U5SF78',NULL,'2026-02-27 01:08:59','2026-02-27 01:08:59',3,477,'App\\Models\\PPSMember'),(573,'PPS Siliragung 3','pps-siliragung-3','$2y$12$9bO4eu4iLZ7vBXaJM/rlg.IbluG1tNr5e8Ii4aELvoOehj4N9ABVq','KDTP42',NULL,'2026-02-27 01:09:00','2026-02-27 01:09:00',3,478,'App\\Models\\PPSMember'),(574,'PPK Singojuruh 1','ppk-singojuruh-1','$2y$12$/DAV4Oqwkv2Kk0Dqov5QDO0hBePt6yGqsU1UpO9Yi/s8Q93.SnvQS','ERB561',NULL,'2026-02-27 01:09:00','2026-02-27 01:09:00',2,96,'App\\Models\\PPKMember'),(575,'PPK Singojuruh 2','ppk-singojuruh-2','$2y$12$5wppFajoqRYbHDWDSr2IA.abRIk8NVpkqOZeKp5QEBcd8VmpZqmMW','HES379',NULL,'2026-02-27 01:09:00','2026-02-27 01:09:00',2,97,'App\\Models\\PPKMember'),(576,'PPK Singojuruh 3','ppk-singojuruh-3','$2y$12$rack1exBw/kjsYiieOmduOo56g3EXDX93aKH3IR0uYwiyoM/Dnske','UP8F52',NULL,'2026-02-27 01:09:01','2026-02-27 01:09:01',2,98,'App\\Models\\PPKMember'),(577,'PPK Singojuruh 4','ppk-singojuruh-4','$2y$12$igkdkqeD3By/fsMFUdmf7etMIeRd/eW0ybJiHKihLRz1z6pOhyFfu','XPTT28',NULL,'2026-02-27 01:09:01','2026-02-27 01:09:01',2,99,'App\\Models\\PPKMember'),(578,'PPK Singojuruh 5','ppk-singojuruh-5','$2y$12$/gCHQ.hCK4P9OdlnJBoFwOuSuOuSd4PK7Mos8lRig2QGlPOWC5AXm','0OP311',NULL,'2026-02-27 01:09:01','2026-02-27 01:09:01',2,100,'App\\Models\\PPKMember'),(579,'PPS Alasmalang 1','pps-alasmalang-1','$2y$12$B.eEsus8D9M9YkekN374xuKZwk2JyvCXQysnms6CLJUpXKDZsl8S2','V7PQ21',NULL,'2026-02-27 01:09:02','2026-02-27 01:09:02',3,479,'App\\Models\\PPSMember'),(580,'PPS Alasmalang 2','pps-alasmalang-2','$2y$12$iFzaQzvQlWU60HxXcBE8TOuLu6Mm3u6JdMQtM9Th/2W55RkhGjT4C','0SDO31',NULL,'2026-02-27 01:09:02','2026-02-27 01:09:02',3,480,'App\\Models\\PPSMember'),(581,'PPS Alasmalang 3','pps-alasmalang-3','$2y$12$PCnF2JG0OYiIn88vXAYgueDc9gY8W64WJ5Fm.0WKWCFCbc14EESw.','DWQG32',NULL,'2026-02-27 01:09:02','2026-02-27 01:09:02',3,481,'App\\Models\\PPSMember'),(582,'PPS Benelan Kidul 1','pps-benelan-kidul-1','$2y$12$kpvykIawa3.PFp00ZIS.GeKL/WR6slWXEhwNqDrek1oJQfDROogKK','L0E549',NULL,'2026-02-27 01:09:03','2026-02-27 01:09:03',3,482,'App\\Models\\PPSMember'),(583,'PPS Benelan Kidul 2','pps-benelan-kidul-2','$2y$12$hqUMovmn4e9SBSMsFxm1Pu2dU0T4aTFtsn7g2baHdLA.wYjhRmyq.','RN0U29',NULL,'2026-02-27 01:09:03','2026-02-27 01:09:03',3,483,'App\\Models\\PPSMember'),(584,'PPS Benelan Kidul 3','pps-benelan-kidul-3','$2y$12$mDPGbdqlZ4BajzS4EO4xsut./V1a0zuj6FyVdSk0gDIgARW1fqHgy','AYGI16',NULL,'2026-02-27 01:09:03','2026-02-27 01:09:03',3,484,'App\\Models\\PPSMember'),(585,'PPS Cantuk 1','pps-cantuk-1','$2y$12$UQuRzMbEcYN0AlkNtl9O1ut57BivpVzvKpsgZqZ5c8Am40vZbYLd.','5QCK70',NULL,'2026-02-27 01:09:04','2026-02-27 01:09:04',3,485,'App\\Models\\PPSMember'),(586,'PPS Cantuk 2','pps-cantuk-2','$2y$12$D2UJEi4EIHiH4Jeckb.aOuySd4gTRB0QEoOlH/uomBu4KoQlBZOc.','91TB40',NULL,'2026-02-27 01:09:04','2026-02-27 01:09:04',3,486,'App\\Models\\PPSMember'),(587,'PPS Cantuk 3','pps-cantuk-3','$2y$12$meqTfCcszh.qhdpKdB/mrOOsEOCorKtKrEfcNg6IFrYY5MeSBMeki','DWZ240',NULL,'2026-02-27 01:09:04','2026-02-27 01:09:04',3,487,'App\\Models\\PPSMember'),(588,'PPS Gambor 1','pps-gambor-1','$2y$12$XOA8iCL2peR.Pg5gM1BsbexyYzBkz/KRUU4IdpcVCrHpYoSSEsAyy','NL6P80',NULL,'2026-02-27 01:09:05','2026-02-27 01:09:05',3,488,'App\\Models\\PPSMember'),(589,'PPS Gambor 2','pps-gambor-2','$2y$12$nkGS3d7K09vqn4y4orKu/uS3QEJFBV/BOyiuXBLpQ5u0qUX14p8xO','Q93918',NULL,'2026-02-27 01:09:05','2026-02-27 01:09:05',3,489,'App\\Models\\PPSMember'),(590,'PPS Gambor 3','pps-gambor-3','$2y$12$CgL6kYWm4Vha0wwsioIGF.U1U8o5GkXXkLfm7GZY5oan2ILAZb2Fy','Y92L43',NULL,'2026-02-27 01:09:05','2026-02-27 01:09:05',3,490,'App\\Models\\PPSMember'),(591,'PPS Gumirih 1','pps-gumirih-1','$2y$12$hikTomjzG4hIiLITWWrcDuFlmXCIhqzMXf13j.8aa3dOj9fNumrOS','SNIH55',NULL,'2026-02-27 01:09:06','2026-02-27 01:09:06',3,491,'App\\Models\\PPSMember'),(592,'PPS Gumirih 2','pps-gumirih-2','$2y$12$FznDQaodHRJZAyKH695TluAvYy9tU3oHb377GWN.nUm70N6WzKBFa','YP1W14',NULL,'2026-02-27 01:09:06','2026-02-27 01:09:06',3,492,'App\\Models\\PPSMember'),(593,'PPS Gumirih 3','pps-gumirih-3','$2y$12$ZuEjn82XZtY6QfKtqzP93uqJdegFCP9MhzSYfaOMjhq6S7k1d7jCe','VLEJ46',NULL,'2026-02-27 01:09:06','2026-02-27 01:09:06',3,493,'App\\Models\\PPSMember'),(594,'PPS Kemiri 1','pps-kemiri-1','$2y$12$226ujySztxC.nJaohTuNkupOevLkF.owRn5DZoVVmdvSAofpwGQ.W','URAX44',NULL,'2026-02-27 01:09:07','2026-02-27 01:09:07',3,494,'App\\Models\\PPSMember'),(595,'PPS Kemiri 2','pps-kemiri-2','$2y$12$JYkO5SrvkZ8Co/6PBcTocu1Eob/Un.Ao8c1O1AMk.sSfGJK2Xehja','UXZR69',NULL,'2026-02-27 01:09:07','2026-02-27 01:09:07',3,495,'App\\Models\\PPSMember'),(596,'PPS Kemiri 3','pps-kemiri-3','$2y$12$JtXTeUiAOLlK4PKq5k3Im.H4gqlg6Inm5PXSGiF/7FzgQvqwPHrf2','HD2S86',NULL,'2026-02-27 01:09:07','2026-02-27 01:09:07',3,496,'App\\Models\\PPSMember'),(597,'PPS Lemahbangkulon 1','pps-lemahbangkulon-1','$2y$12$m9wI.cc.LI0gqhY5YxF8qO.co3aNQeZ.BeCN17VAt9XKlLqfT0hbm','Z0LA85',NULL,'2026-02-27 01:09:08','2026-02-27 01:09:08',3,497,'App\\Models\\PPSMember'),(598,'PPS Lemahbangkulon 2','pps-lemahbangkulon-2','$2y$12$jLjQ7F9YgIjffFwYpA94ru03LYni6YoT2p5Vbch73aLIXM04djbBq','EDNQ65',NULL,'2026-02-27 01:09:08','2026-02-27 01:09:08',3,498,'App\\Models\\PPSMember'),(599,'PPS Lemahbangkulon 3','pps-lemahbangkulon-3','$2y$12$8DEQlZ0LPKpy8wTpu6iS1uPW//uor88AmS2y26PS3FhjcvmrE.mxC','94I480',NULL,'2026-02-27 01:09:08','2026-02-27 01:09:08',3,499,'App\\Models\\PPSMember'),(600,'PPS Padang 1','pps-padang-1','$2y$12$.Gsnua6TfdnO6xkYZ6ATae5otOU3wgorBACDdhVYg4HRcJ4Jis6ry','HLE696',NULL,'2026-02-27 01:09:09','2026-02-27 01:09:09',3,500,'App\\Models\\PPSMember'),(601,'PPS Padang 2','pps-padang-2','$2y$12$V0agsfi.qeSuX44DXDeqzOuviHcfFj4pAFfuc8k3LcsbS.6Nd/yVa','8QXI78',NULL,'2026-02-27 01:09:09','2026-02-27 01:09:09',3,501,'App\\Models\\PPSMember'),(602,'PPS Padang 3','pps-padang-3','$2y$12$SLPd6MtOdd9cf1UEhgobmepfdu6JxRlVAlrfc8Ca2naeh6bPl88du','MSOD83',NULL,'2026-02-27 01:09:09','2026-02-27 01:09:09',3,502,'App\\Models\\PPSMember'),(603,'PPS Singojuruh 1','pps-singojuruh-1','$2y$12$hCZoe7nFUN2QDJRj5qnwa.73c5yTjOZTx5atY727wgByMU4shnthu','CYRJ22',NULL,'2026-02-27 01:09:10','2026-02-27 01:09:10',3,503,'App\\Models\\PPSMember'),(604,'PPS Singojuruh 2','pps-singojuruh-2','$2y$12$SoVC3sxFKfduXvpNGC3qR.aXLisUaLF16F703OcgUf62qz8TbF1I.','CJ1R81',NULL,'2026-02-27 01:09:10','2026-02-27 01:09:10',3,504,'App\\Models\\PPSMember'),(605,'PPS Singojuruh 3','pps-singojuruh-3','$2y$12$WMLA7t0tKo54t5RtkABzEeOkGNIi9j8np0AzRYI6T/p3sztpE2poO','09VU90',NULL,'2026-02-27 01:09:10','2026-02-27 01:09:10',3,505,'App\\Models\\PPSMember'),(606,'PPS Singolatren 1','pps-singolatren-1','$2y$12$xegNC7AD4psucrNhnPrPzeNjtIJDliZtGLRFwhUV/kyXvlRkX3E1q','H8I851',NULL,'2026-02-27 01:09:11','2026-02-27 01:09:11',3,506,'App\\Models\\PPSMember'),(607,'PPS Singolatren 2','pps-singolatren-2','$2y$12$96FJvUDQ8Q0QP7E9aDT8Re162EAVQKrB3iX/sx.yRmbUYnLjOvNb6','16CH97',NULL,'2026-02-27 01:09:11','2026-02-27 01:09:11',3,507,'App\\Models\\PPSMember'),(608,'PPS Singolatren 3','pps-singolatren-3','$2y$12$eEEWoXK1VTUb1aQ4j2Tro.oNlPD5ZKUpYd0RJpBk1XYl/iNG73aY2','WYYW74',NULL,'2026-02-27 01:09:11','2026-02-27 01:09:11',3,508,'App\\Models\\PPSMember'),(609,'PPS Sumberbaru 1','pps-sumberbaru-1','$2y$12$U4uMI4Ocx8NyQnhKtynP..6Vcyp0WXaLsel9g4kiOxkXR1kEmS4qa','LSRA44',NULL,'2026-02-27 01:09:12','2026-02-27 01:09:12',3,509,'App\\Models\\PPSMember'),(610,'PPS Sumberbaru 2','pps-sumberbaru-2','$2y$12$eiCMgStUrwilu5gFruDqJewbdMTjJXaDAapmpb8aB9RrCdkgiY.fO','NNWY44',NULL,'2026-02-27 01:09:12','2026-02-27 01:09:12',3,510,'App\\Models\\PPSMember'),(611,'PPS Sumberbaru 3','pps-sumberbaru-3','$2y$12$Mfu81iHtuNtiH717Pi06XeJZ2fFctSgN0wUZjp0m9KYEWbCt3rrZm','U1R367',NULL,'2026-02-27 01:09:12','2026-02-27 01:09:12',3,511,'App\\Models\\PPSMember'),(612,'PPK Songgon 1','ppk-songgon-1','$2y$12$oIKtNE5YnKXShzErXv8Puu8mIFPO7WNRloq4uqOl0T.QVsgcODqZi','KGLW86',NULL,'2026-02-27 01:09:13','2026-02-27 01:09:13',2,101,'App\\Models\\PPKMember'),(613,'PPK Songgon 2','ppk-songgon-2','$2y$12$FQtpluzMa/L1ZtZy4OFQDuV2.Zvsj8VMUPNOVaHKaMVHSRmmV9TNm','QKRY88',NULL,'2026-02-27 01:09:13','2026-02-27 01:09:13',2,102,'App\\Models\\PPKMember'),(614,'PPK Songgon 3','ppk-songgon-3','$2y$12$kMPtvjHF8QLIsCcbSxvKF.BcBfzQ2A09FQ7ozBC0tP3A0TpOM.Y5G','GGS572',NULL,'2026-02-27 01:09:13','2026-02-27 01:09:13',2,103,'App\\Models\\PPKMember'),(615,'PPK Songgon 4','ppk-songgon-4','$2y$12$yClAlUPNfds18GAnJiRnE.aBwAsRKr2hkICcAEE/4t8S0JQVsNTVK','ZDME62',NULL,'2026-02-27 01:09:14','2026-02-27 01:09:14',2,104,'App\\Models\\PPKMember'),(616,'PPK Songgon 5','ppk-songgon-5','$2y$12$q6vU3X2NlFGIXF/UZGT92e/wHqMEuCIkCpuAUbZNA.QLAPx6pmWDK','ACAC24',NULL,'2026-02-27 01:09:14','2026-02-27 01:09:14',2,105,'App\\Models\\PPKMember'),(617,'PPS Balak 1','pps-balak-1','$2y$12$P0CDUQ/vax33vgch9pSmlOP9.v5t38KER5ciZ44n6gwpnsxU74dHO','JBJ142',NULL,'2026-02-27 01:09:14','2026-02-27 01:09:14',3,512,'App\\Models\\PPSMember'),(618,'PPS Balak 2','pps-balak-2','$2y$12$Kwm7Qmhfow8BUBR2iDDy3OUdQBlB2IU.d8HqD6GVVmr8OARg5yjBO','VCJL45',NULL,'2026-02-27 01:09:15','2026-02-27 01:09:15',3,513,'App\\Models\\PPSMember'),(619,'PPS Balak 3','pps-balak-3','$2y$12$TgSNeSUdI0BUNhYC7g5RiOTSOg3vTPNVJubS/aUgWpTj5QLRp1GXa','P0XY61',NULL,'2026-02-27 01:09:15','2026-02-27 01:09:15',3,514,'App\\Models\\PPSMember'),(620,'PPS Bangunsari 1','pps-bangunsari-1','$2y$12$JoOU.afcCJDioNFRXB/1Iun42b2Fg97rMGoxL1kZmfJys.eY8Zjsy','QWP968',NULL,'2026-02-27 01:09:15','2026-02-27 01:09:15',3,515,'App\\Models\\PPSMember'),(621,'PPS Bangunsari 2','pps-bangunsari-2','$2y$12$2Xj4sCYoLizs7GsjDTTou.YvYUmM2Dp857OZl8O2M8adl3VedNMVe','1KMV86',NULL,'2026-02-27 01:09:16','2026-02-27 01:09:16',3,516,'App\\Models\\PPSMember'),(622,'PPS Bangunsari 3','pps-bangunsari-3','$2y$12$q5zsXcrhESnqn8ngVPoZy.rxD69KjORf8ZsjYmBW308sTWZbgNT5S','IZUS82',NULL,'2026-02-27 01:09:16','2026-02-27 01:09:16',3,517,'App\\Models\\PPSMember'),(623,'PPS Bayu 1','pps-bayu-1','$2y$12$L3uiUYN7U54unxeJ.vTG2uIsj.mUdrN3d3L8Ztzf640aiuvQfdzWm','RTBF44',NULL,'2026-02-27 01:09:16','2026-02-27 01:09:16',3,518,'App\\Models\\PPSMember'),(624,'PPS Bayu 2','pps-bayu-2','$2y$12$ZVeEc4D8z7WvFdgNo24D4.LrNZIWCckvKcfvstGgEzBm8cVOwm6l2','3RKV11',NULL,'2026-02-27 01:09:17','2026-02-27 01:09:17',3,519,'App\\Models\\PPSMember'),(625,'PPS Bayu 3','pps-bayu-3','$2y$12$zd0tNePRIZnicSqJKw9Ph.bxw0tQ.V3e2z88gYVoO41BJLzWESAvO','OZV826',NULL,'2026-02-27 01:09:17','2026-02-27 01:09:17',3,520,'App\\Models\\PPSMember'),(626,'PPS Bedewang 1','pps-bedewang-1','$2y$12$7npIKfN2R0x2IqPikPoI9eGNp.mBDktsuPyrONMGZvdhEDtlhlosC','NRIX25',NULL,'2026-02-27 01:09:17','2026-02-27 01:09:17',3,521,'App\\Models\\PPSMember'),(627,'PPS Bedewang 2','pps-bedewang-2','$2y$12$F6S6Ju2OQVGQXGjdQm4RMuMb724Wdp8sUpLEkITLZiEqRB.OK2rWW','YAIH22',NULL,'2026-02-27 01:09:18','2026-02-27 01:09:18',3,522,'App\\Models\\PPSMember'),(628,'PPS Bedewang 3','pps-bedewang-3','$2y$12$DgqIEq3pnD3Qkd7oeL/BUOXbALuMAuRIYTMEAPtGFt/BPxYnAbek2','1AGG19',NULL,'2026-02-27 01:09:18','2026-02-27 01:09:18',3,523,'App\\Models\\PPSMember'),(629,'PPS Parangharjo 1','pps-parangharjo-1','$2y$12$O/YVVMSEBkZPkZUVNWcj5uRw05aebvSQtTY2vfdnUUF4PD3MfLe8.','OALR91',NULL,'2026-02-27 01:09:18','2026-02-27 01:09:18',3,524,'App\\Models\\PPSMember'),(630,'PPS Parangharjo 2','pps-parangharjo-2','$2y$12$5wMzNMC8wdvL5ttt3tiu4eOVxo5WLNr0id1S9YGKFqPB./3qngh.y','1D8H96',NULL,'2026-02-27 01:09:19','2026-02-27 01:09:19',3,525,'App\\Models\\PPSMember'),(631,'PPS Parangharjo 3','pps-parangharjo-3','$2y$12$LfFhX9aKYtF10VSc1RDRq.Zbiz7a5qlQr6xfnu90MkHB94aNODH3K','8SO196',NULL,'2026-02-27 01:09:19','2026-02-27 01:09:19',3,526,'App\\Models\\PPSMember'),(632,'PPS Songgon 1','pps-songgon-1','$2y$12$PSDyd4VJRPaE5A/mlPPfAONxV/t7LKPs8/7/E8HB5BCzJvtfrpj8y','RNLK43',NULL,'2026-02-27 01:09:19','2026-02-27 01:09:19',3,527,'App\\Models\\PPSMember'),(633,'PPS Songgon 2','pps-songgon-2','$2y$12$eyHRD/u5C5/cKj1XHKhKMuUewMWRnDny.eRl6Ff.uheddFvytmI4e','5PPB31',NULL,'2026-02-27 01:09:19','2026-02-27 01:09:19',3,528,'App\\Models\\PPSMember'),(634,'PPS Songgon 3','pps-songgon-3','$2y$12$j5sLvoEXDtDO7lVT3g4xo.Pq1BGlHrIlu3xh59sgwusZJUTjyKgWK','475U62',NULL,'2026-02-27 01:09:20','2026-02-27 01:09:20',3,529,'App\\Models\\PPSMember'),(635,'PPS Sragi 1','pps-sragi-1','$2y$12$ez5B9jpsHmJKAVlQ4ed81eCjaJIv5VLlMXWn5oof8yJ5NeIMa9Gt.','SJYA35',NULL,'2026-02-27 01:09:20','2026-02-27 01:09:20',3,530,'App\\Models\\PPSMember'),(636,'PPS Sragi 2','pps-sragi-2','$2y$12$o.uz47zO4gorQUuedsbbBeFPL9voesVpJobvn.iWINloJO21j101i','X8EH51',NULL,'2026-02-27 01:09:20','2026-02-27 01:09:20',3,531,'App\\Models\\PPSMember'),(637,'PPS Sragi 3','pps-sragi-3','$2y$12$.TMfVbe8NmUUrpZKD37RAeMgBbbFaL7dwHiJTUjqo3RUGI0P3nRKi','XPAM78',NULL,'2026-02-27 01:09:21','2026-02-27 01:09:21',3,532,'App\\Models\\PPSMember'),(638,'PPS Sumberarum 1','pps-sumberarum-1','$2y$12$Zg2uJzrDILf6O4IduOnnGuLbYKzvIfSpaponedEH/SbDBcyMXz5ny','KXCQ37',NULL,'2026-02-27 01:09:21','2026-02-27 01:09:21',3,533,'App\\Models\\PPSMember'),(639,'PPS Sumberarum 2','pps-sumberarum-2','$2y$12$LpM3t0rNXa6Zh0TQvlHXw.oYW9IpEPm2RGT8/WmX//qtxls5Zslfa','8NSD18',NULL,'2026-02-27 01:09:22','2026-02-27 01:09:22',3,534,'App\\Models\\PPSMember'),(640,'PPS Sumberarum 3','pps-sumberarum-3','$2y$12$v1CRmmuVmbTBul6VoblQmOAFkGfYepYsSkpgB7HXkIWNCCxoZMsxO','JKPX32',NULL,'2026-02-27 01:09:22','2026-02-27 01:09:22',3,535,'App\\Models\\PPSMember'),(641,'PPS Sumberbulu 1','pps-sumberbulu-1','$2y$12$7I0RdSCdz86xDlEOp9yiQeNvv/MckjJluPl.3sh3AEBrdIp0bZs.u','GT8133',NULL,'2026-02-27 01:09:22','2026-02-27 01:09:22',3,536,'App\\Models\\PPSMember'),(642,'PPS Sumberbulu 2','pps-sumberbulu-2','$2y$12$0AwBXOhNq63Lgw0Kdt9OQ.obAFjNC.ZXjJCbRDbhHJNCD9FQs.N9C','UZZO13',NULL,'2026-02-27 01:09:22','2026-02-27 01:09:22',3,537,'App\\Models\\PPSMember'),(643,'PPS Sumberbulu 3','pps-sumberbulu-3','$2y$12$Ag7S8ZtlzIkq2K64/2HNJuqgpTc252DMT2EsMlcq1UoFDrIcQUTby','WMNC55',NULL,'2026-02-27 01:09:23','2026-02-27 01:09:23',3,538,'App\\Models\\PPSMember'),(644,'PPK Srono 1','ppk-srono-1','$2y$12$DVZEmgznbQ.Kax7O6Z4wfOFGKlAPI0.324CntJQTbw03sxIM/E2PK','BC7Y79',NULL,'2026-02-27 01:09:23','2026-02-27 01:09:23',2,106,'App\\Models\\PPKMember'),(645,'PPK Srono 2','ppk-srono-2','$2y$12$JNEIDvcmhKtdRyUD8zCmXe7AqgovdGAaXPKOVfJcOd3pLeRxzJ2fm','4VIN70',NULL,'2026-02-27 01:09:23','2026-02-27 01:09:23',2,107,'App\\Models\\PPKMember'),(646,'PPK Srono 3','ppk-srono-3','$2y$12$4xdftUnHuTdeta0Z9cihc.VZSAz88LZZafu7TYgQbkobwJCcXVD3W','TJSD22',NULL,'2026-02-27 01:09:24','2026-02-27 01:09:24',2,108,'App\\Models\\PPKMember'),(647,'PPK Srono 4','ppk-srono-4','$2y$12$2GtbRwlIcuA5Liwz5rhHGeYKNf8BlxM1fAEZG4N3iNxllatxvJE0m','ESG541',NULL,'2026-02-27 01:09:24','2026-02-27 01:09:24',2,109,'App\\Models\\PPKMember'),(648,'PPK Srono 5','ppk-srono-5','$2y$12$POSYjcveqLhYlwIWm3albO.uzicjeDLtT4xK3WeRJsCTrfd1.kEcu','S6I335',NULL,'2026-02-27 01:09:24','2026-02-27 01:09:24',2,110,'App\\Models\\PPKMember'),(649,'PPS Bagorejo 1','pps-bagorejo-1','$2y$12$LfQnpc33QuwjZoZ6/YMdSe6rvjvQKBL8L35fVgdu43V8AokPqWy9y','1XAN40',NULL,'2026-02-27 01:09:24','2026-02-27 01:09:24',3,539,'App\\Models\\PPSMember'),(650,'PPS Bagorejo 2','pps-bagorejo-2','$2y$12$MTReNlt.TRYdXzcIb5cQJu08FdSVH7y4ADtHP5lYOIQfmbzxsih0W','1W6I36',NULL,'2026-02-27 01:09:25','2026-02-27 01:09:25',3,540,'App\\Models\\PPSMember'),(651,'PPS Bagorejo 3','pps-bagorejo-3','$2y$12$g00oWb7DAUgSBeihtcpSlOYjO1M/Uq23dfM09Eznoed0XSt0yT8K6','SVTE76',NULL,'2026-02-27 01:09:25','2026-02-27 01:09:25',3,541,'App\\Models\\PPSMember'),(652,'PPS Kebaman 1','pps-kebaman-1','$2y$12$cxNnrklaczmz8475rblxEODO2NKK5dEs2EHt8OSElJ2H7dMeL9s5y','ETYX68',NULL,'2026-02-27 01:09:25','2026-02-27 01:09:25',3,542,'App\\Models\\PPSMember'),(653,'PPS Kebaman 2','pps-kebaman-2','$2y$12$kLBfGyEmJ6TJ10WQ.j2cZ.kVnWmf6ZpyC8AwgNeWht8POBReN7Rru','AWRN94',NULL,'2026-02-27 01:09:26','2026-02-27 01:09:26',3,543,'App\\Models\\PPSMember'),(654,'PPS Kebaman 3','pps-kebaman-3','$2y$12$J6IJTCD/fiDWAG3HiUIv.OcI.aTPsEcdGfSLQcJ8uOFtHTrZkzB/m','ZFEE31',NULL,'2026-02-27 01:09:26','2026-02-27 01:09:26',3,544,'App\\Models\\PPSMember'),(655,'PPS Kepundungan 1','pps-kepundungan-1','$2y$12$r1aXpBIpKPVDTOKSHI5giOlZV.GLmuNQtMi9p4U84NBIRDLJuXnoS','GMTH48',NULL,'2026-02-27 01:09:26','2026-02-27 01:09:26',3,545,'App\\Models\\PPSMember'),(656,'PPS Kepundungan 2','pps-kepundungan-2','$2y$12$.SJm3XpXHCjmNYYM2TUJFOsTVZ1YMci/ErcsgmH2uLNryIcIHPt.G','NP4Y23',NULL,'2026-02-27 01:09:26','2026-02-27 01:09:26',3,546,'App\\Models\\PPSMember'),(657,'PPS Kepundungan 3','pps-kepundungan-3','$2y$12$QkjckOSRpw97fF9FTugZHOuDKCx91mngTUqnzykrim4Xyw.sz9LqS','YYOM55',NULL,'2026-02-27 01:09:27','2026-02-27 01:09:27',3,547,'App\\Models\\PPSMember'),(658,'PPS Parijatah Kulon 1','pps-parijatah-kulon-1','$2y$12$ADQwbId1QbTG1ddBGmz1QeHU3QnMD7I4JNUcdhh0UlF0cfOk6dg3a','NVZB94',NULL,'2026-02-27 01:09:27','2026-02-27 01:09:27',3,548,'App\\Models\\PPSMember'),(659,'PPS Parijatah Kulon 2','pps-parijatah-kulon-2','$2y$12$Yx80f5xsXX6VDj9zUkGOOumVpWYCBMppxGTWn7NbhsyPnw7C.3nzS','L0LF11',NULL,'2026-02-27 01:09:27','2026-02-27 01:09:27',3,549,'App\\Models\\PPSMember'),(660,'PPS Parijatah Kulon 3','pps-parijatah-kulon-3','$2y$12$CSh67jqn0Vs3onhdeZmakuWrkUy6EI3OPHF5TgSxBrQVXiQw3uuUy','GZGD21',NULL,'2026-02-27 01:09:28','2026-02-27 01:09:28',3,550,'App\\Models\\PPSMember'),(661,'PPS Parijatah Wetan 1','pps-parijatah-wetan-1','$2y$12$X2HAyd0ILVt9wXgL1j7/k.f7ynJEVDXjlebpVLKow4f/aDYx/qbXy','EKVD67',NULL,'2026-02-27 01:09:28','2026-02-27 01:09:28',3,551,'App\\Models\\PPSMember'),(662,'PPS Parijatah Wetan 2','pps-parijatah-wetan-2','$2y$12$EhpmJw/ErdET93bvFhNhb.I680oiRR57gMF3AhmnI9UK0qam9ioOW','GF1S82',NULL,'2026-02-27 01:09:28','2026-02-27 01:09:28',3,552,'App\\Models\\PPSMember'),(663,'PPS Parijatah Wetan 3','pps-parijatah-wetan-3','$2y$12$S5DRvJuGJ5lLB9kaZHKuueMGWLEVYvWN8v7S7Tm44U9HLOJmkQDSu','DMNM62',NULL,'2026-02-27 01:09:29','2026-02-27 01:09:29',3,553,'App\\Models\\PPSMember'),(664,'PPS Rejoagung 1','pps-rejoagung-1','$2y$12$H08RzEVUjWd3KQ5s4KVNje36doNVGFBHM2Ttw.Fvy0LcSO0ypos/a','4JFC82',NULL,'2026-02-27 01:09:29','2026-02-27 01:09:29',3,554,'App\\Models\\PPSMember'),(665,'PPS Rejoagung 2','pps-rejoagung-2','$2y$12$WAvA7t2MY0OpGA4UUCZn6eDeP/Dg.N3FPEYRLfcYRO5E2QOZY.A3y','XFOS51',NULL,'2026-02-27 01:09:29','2026-02-27 01:09:29',3,555,'App\\Models\\PPSMember'),(666,'PPS Rejoagung 3','pps-rejoagung-3','$2y$12$n1NKAZ1NJTkT62/JEIgyaekv826TGdTWEThwjm9CdUNuG6e4HGXci','L8HY96',NULL,'2026-02-27 01:09:29','2026-02-27 01:09:29',3,556,'App\\Models\\PPSMember'),(667,'PPS Sukomaju 1','pps-sukomaju-1','$2y$12$UON816vA0RD8RW6ENJojV..d.7u.hfeeXuQJ8dE5w0.fmZZvR6kBK','DXC446',NULL,'2026-02-27 01:09:30','2026-02-27 01:09:30',3,557,'App\\Models\\PPSMember'),(668,'PPS Sukomaju 2','pps-sukomaju-2','$2y$12$5F2nFQYRm47Gud8mwvEjfevN3JKv49MRnnGRLBvx7F1zxMy1fUbIq','TXCW27',NULL,'2026-02-27 01:09:30','2026-02-27 01:09:30',3,558,'App\\Models\\PPSMember'),(669,'PPS Sukomaju 3','pps-sukomaju-3','$2y$12$9UIPesKv0PCO2/DUm7FLhuFD48zXLJ/IxXzqWHZPEzY/W6ahHU6W6','E7OG45',NULL,'2026-02-27 01:09:30','2026-02-27 01:09:30',3,559,'App\\Models\\PPSMember'),(670,'PPS Sukonatar 1','pps-sukonatar-1','$2y$12$RN1/KcYrVBGhFxAKp.IPHelz8G0pXo2hEh7g7NWDUIYpiMcBshS/i','N0A866',NULL,'2026-02-27 01:09:31','2026-02-27 01:09:31',3,560,'App\\Models\\PPSMember'),(671,'PPS Sukonatar 2','pps-sukonatar-2','$2y$12$52sEgABy.vfw1CmBwhwsYe.l5usX06Qstm3l3xdYIZdQiKEXkJ20y','AQTZ89',NULL,'2026-02-27 01:09:31','2026-02-27 01:09:31',3,561,'App\\Models\\PPSMember'),(672,'PPS Sukonatar 3','pps-sukonatar-3','$2y$12$pS0Ll0g.z4dg8BBIf6JWjOznE6j.YATYdIP6/OwdTjxbqP9DWzg.W','ECRS47',NULL,'2026-02-27 01:09:31','2026-02-27 01:09:31',3,562,'App\\Models\\PPSMember'),(673,'PPS Sumbersari 1','pps-sumbersari-1','$2y$12$bRnKA5n68vvA7zcfVt3dPO0RlVcQWYI2KBxFSPYDyL12.b2HYcP1S','VVO631',NULL,'2026-02-27 01:09:32','2026-02-27 01:09:32',3,563,'App\\Models\\PPSMember'),(674,'PPS Sumbersari 2','pps-sumbersari-2','$2y$12$qH0y43XzPQih511Vev4zfeA25nt70j7mqDYGbxI7rCbywsBVcVOYu','WDCL79',NULL,'2026-02-27 01:09:32','2026-02-27 01:09:32',3,564,'App\\Models\\PPSMember'),(675,'PPS Sumbersari 3','pps-sumbersari-3','$2y$12$pHsS/IqZhOVuZwWvaAlrleu5CgFJLSnEzI6LXzMhA5lO9Mud4iQzu','DH3Z83',NULL,'2026-02-27 01:09:32','2026-02-27 01:09:32',3,565,'App\\Models\\PPSMember'),(676,'PPS Wonosobo 1','pps-wonosobo-1','$2y$12$SdkwNVwPclUOEkcMI0ww1.b4GtsvAfVfxnTQjBXpNRp/OXSFsrH2u','PW3627',NULL,'2026-02-27 01:09:33','2026-02-27 01:09:33',3,566,'App\\Models\\PPSMember'),(677,'PPS Wonosobo 2','pps-wonosobo-2','$2y$12$0dCrbB6FDjm2EWNi2Eh6H.xnR7M8LJhZcHM1.C8VgM/lDMMP.7xkK','2M1A57',NULL,'2026-02-27 01:09:33','2026-02-27 01:09:33',3,567,'App\\Models\\PPSMember'),(678,'PPS Wonosobo 3','pps-wonosobo-3','$2y$12$QA.3UV2ppIbkgRw1TCgpaeFW.4CY32wY0cXNrNbhjsr4whGmlpo0q','T0MA67',NULL,'2026-02-27 01:09:33','2026-02-27 01:09:33',3,568,'App\\Models\\PPSMember'),(679,'PPK Tegaldlimo 1','ppk-tegaldlimo-1','$2y$12$5qntXUmOicWp7Jp6Zty1v.bwDoW5U7o9D8/N3Rl4ZFuXt6tTOnH7u','CHCO93',NULL,'2026-02-27 01:09:33','2026-02-27 01:09:33',2,111,'App\\Models\\PPKMember'),(680,'PPK Tegaldlimo 2','ppk-tegaldlimo-2','$2y$12$ROZpeVGXV7V8ZbZZ307A7.fO.Jp6dftrq524/.3NURCHCIC2BTfJ2','569C27',NULL,'2026-02-27 01:09:34','2026-02-27 01:09:34',2,112,'App\\Models\\PPKMember'),(681,'PPK Tegaldlimo 3','ppk-tegaldlimo-3','$2y$12$eVuqmCrskJRk0awi9c9eFe9bFE0GaauH.X4idAz5WlyHtXAT6tl7C','TOYG53',NULL,'2026-02-27 01:09:34','2026-02-27 01:09:34',2,113,'App\\Models\\PPKMember'),(682,'PPK Tegaldlimo 4','ppk-tegaldlimo-4','$2y$12$hcCJMkS1Znb5WICZcue6C.0rXU.mP.Pm9H42/Wx2iA6ICKihLh7JO','BXSI51',NULL,'2026-02-27 01:09:34','2026-02-27 01:09:34',2,114,'App\\Models\\PPKMember'),(683,'PPK Tegaldlimo 5','ppk-tegaldlimo-5','$2y$12$xhl0Eu3uxFlk9V4jhT/S/O4UAPvS4z6eL67rpAKkH6CLAyObx9n/u','QKSK60',NULL,'2026-02-27 01:09:35','2026-02-27 01:09:35',2,115,'App\\Models\\PPKMember'),(684,'PPS Kalipait 1','pps-kalipait-1','$2y$12$uctnFSppkQJxIB158P8MruZtH1deI0/R2fQY53WFqBDEjjBNd7UI2','BBRC40',NULL,'2026-02-27 01:09:35','2026-02-27 01:09:35',3,569,'App\\Models\\PPSMember'),(685,'PPS Kalipait 2','pps-kalipait-2','$2y$12$2CLubaBHXzCv2HVP9Yals.NXb6FlnJzobyxzc9GB0ohq0OrOJFQCq','T1R556',NULL,'2026-02-27 01:09:35','2026-02-27 01:09:35',3,570,'App\\Models\\PPSMember'),(686,'PPS Kalipait 3','pps-kalipait-3','$2y$12$lhHAik1H0wsGbZWG42ZQOu.6I1YMXo30H71l.Jup43qxnH4SewGPm','5GDB95',NULL,'2026-02-27 01:09:35','2026-02-27 01:09:35',3,571,'App\\Models\\PPSMember'),(687,'PPS Kedungasri 1','pps-kedungasri-1','$2y$12$E8wObrtv5sJhtXCTNvpnWe4Z6eAW51qrAqVLZmczV/UTsAzM0fMEW','BIVY89',NULL,'2026-02-27 01:09:36','2026-02-27 01:09:36',3,572,'App\\Models\\PPSMember'),(688,'PPS Kedungasri 2','pps-kedungasri-2','$2y$12$odzQbCHWigmiSnQSpEd77e5yK3QMPSjN8XSr4VH76aAyRqYW.wJU6','DUBF50',NULL,'2026-02-27 01:09:36','2026-02-27 01:09:36',3,573,'App\\Models\\PPSMember'),(689,'PPS Kedungasri 3','pps-kedungasri-3','$2y$12$.g8.kv3BNtl/INoO4VGuxeB0GY74eeeuYYS4ijWS9rZwBZywZXKBK','A2LQ69',NULL,'2026-02-27 01:09:36','2026-02-27 01:09:36',3,574,'App\\Models\\PPSMember'),(690,'PPS Kedunggebang 1','pps-kedunggebang-1','$2y$12$4W4ld7MBzDZQKoup9Sckf.VKJLstMVfpTGezDNtRqkt.BU910w23e','M8ZG32',NULL,'2026-02-27 01:09:37','2026-02-27 01:09:37',3,575,'App\\Models\\PPSMember'),(691,'PPS Kedunggebang 2','pps-kedunggebang-2','$2y$12$P2qzWKpr3f4rR0bhX/hgwuqHR8s.nhdVt0kxyEjkEpIHJAh1YsiAK','H9NN92',NULL,'2026-02-27 01:09:37','2026-02-27 01:09:37',3,576,'App\\Models\\PPSMember'),(692,'PPS Kedunggebang 3','pps-kedunggebang-3','$2y$12$HqGiqXXeobB3Go31R.mV6empJAMOV6EudFRbXu7xxh1/dWZbw5sjS','MTT019',NULL,'2026-02-27 01:09:37','2026-02-27 01:09:37',3,577,'App\\Models\\PPSMember'),(693,'PPS Kedungwungu 1','pps-kedungwungu-1','$2y$12$QmwuDTMU1VUnOfZDAg9nrOuXe8dqyzh7pjuZySCdG6Pg/X0wEzz/i','IAU030',NULL,'2026-02-27 01:09:38','2026-02-27 01:09:38',3,578,'App\\Models\\PPSMember'),(694,'PPS Kedungwungu 2','pps-kedungwungu-2','$2y$12$WLONYOej3YKLTfVzBxrdxOGoAPS7SYD5bJpXDJeq2YNpxWZGyTrcy','YBCX23',NULL,'2026-02-27 01:09:38','2026-02-27 01:09:38',3,579,'App\\Models\\PPSMember'),(695,'PPS Kedungwungu 3','pps-kedungwungu-3','$2y$12$nkqaNV5RiUMlH9mMmXCfF.kE5hoQHGvTsf.Uqkwh4hwH2I/9T4opm','OXFN64',NULL,'2026-02-27 01:09:38','2026-02-27 01:09:38',3,580,'App\\Models\\PPSMember'),(696,'PPS Kendalrejo 1','pps-kendalrejo-1','$2y$12$tQOtkX52fYdmoFrmF46wgO7erwDjslIuolkGvyTCvs14R28XJe0OK','NIWX93',NULL,'2026-02-27 01:09:39','2026-02-27 01:09:39',3,581,'App\\Models\\PPSMember'),(697,'PPS Kendalrejo 2','pps-kendalrejo-2','$2y$12$soDm1Z/P2LOwMll95Yp5oerVmz6YGp60rh12xv1MVPhHIWRD2dnZW','VSID71',NULL,'2026-02-27 01:09:39','2026-02-27 01:09:39',3,582,'App\\Models\\PPSMember'),(698,'PPS Kendalrejo 3','pps-kendalrejo-3','$2y$12$AB8EVMsMHnp/Y6hGXE6Hy.0GmVuPs8cTcAYrsACv3BEdBpQ9ERqiW','XLCS95',NULL,'2026-02-27 01:09:39','2026-02-27 01:09:39',3,583,'App\\Models\\PPSMember'),(699,'PPS Purwoagung 1','pps-purwoagung-1','$2y$12$u3h35RgXciN3btaAywLgM.Ydn/pxEMnNbeDB/zJu8jV3UEGyPdnk6','KZH624',NULL,'2026-02-27 01:09:40','2026-02-27 01:09:40',3,584,'App\\Models\\PPSMember'),(700,'PPS Purwoagung 2','pps-purwoagung-2','$2y$12$DLlB4qTghK.2I8fteDF8quM9tKPhXcy4T6d.tJvSUAhEmGv4eUEmW','39YI20',NULL,'2026-02-27 01:09:40','2026-02-27 01:09:40',3,585,'App\\Models\\PPSMember'),(701,'PPS Purwoagung 3','pps-purwoagung-3','$2y$12$0dWgQiYsGsVKyeHt7KfX6.feRgZsuay37DGICZuS70qAE/QVIezi.','IFY538',NULL,'2026-02-27 01:09:40','2026-02-27 01:09:40',3,586,'App\\Models\\PPSMember'),(702,'PPS Purwoasri 1','pps-purwoasri-1','$2y$12$3cws7ZwJe.GFYPu9c4xEMelQX/3mPsIOz0UdQ1nn2XgBPs9MvsNFu','I0NF69',NULL,'2026-02-27 01:09:40','2026-02-27 01:09:40',3,587,'App\\Models\\PPSMember'),(703,'PPS Purwoasri 2','pps-purwoasri-2','$2y$12$/thZ6iP4lvMChVDqZaU1cuU3qzbMFKShQw1fgk5ekmpXtK8LngwnW','OT3213',NULL,'2026-02-27 01:09:41','2026-02-27 01:09:41',3,588,'App\\Models\\PPSMember'),(704,'PPS Purwoasri 3','pps-purwoasri-3','$2y$12$HFPwWvajI/poy1lFTsUpmeExpLktv//0eAjhh8CkdqxaYGxyyy9HW','0J7G95',NULL,'2026-02-27 01:09:41','2026-02-27 01:09:41',3,589,'App\\Models\\PPSMember'),(705,'PPS Tegaldlimo 1','pps-tegaldlimo-1','$2y$12$WadH2fI42Lugg/tEVng6mO7HZH73WTNt2Fo5zBORwJ0aB4T0bfCdy','3PBN78',NULL,'2026-02-27 01:09:41','2026-02-27 01:09:41',3,590,'App\\Models\\PPSMember'),(706,'PPS Tegaldlimo 2','pps-tegaldlimo-2','$2y$12$NvyMU03OPBWia.dvaux0YuAc1p88x5Y9vV39qU3FG6G.LhC1pHN26','QVFW23',NULL,'2026-02-27 01:09:42','2026-02-27 01:09:42',3,591,'App\\Models\\PPSMember'),(707,'PPS Tegaldlimo 3','pps-tegaldlimo-3','$2y$12$LM6uuu.AEnh5HVL44Tw.dOrdX9kGcfbcepgyEXMLPTGLN4nRjx3km','9XJ082',NULL,'2026-02-27 01:09:42','2026-02-27 01:09:42',3,592,'App\\Models\\PPSMember'),(708,'PPS Wringinpitu 1','pps-wringinpitu-1','$2y$12$tTklINbNHEtPKHbvXURCFewUrCcwU7sZTGwu4uHWdRFFOZBJQwvK6','RX8F10',NULL,'2026-02-27 01:09:42','2026-02-27 01:09:42',3,593,'App\\Models\\PPSMember'),(709,'PPS Wringinpitu 2','pps-wringinpitu-2','$2y$12$4B2k5TgWd82K0FDgs/5j8.oBLsNTf6ewytpS7sj8sEPN8kndEL44O','J31T51',NULL,'2026-02-27 01:09:43','2026-02-27 01:09:43',3,594,'App\\Models\\PPSMember'),(710,'PPS Wringinpitu 3','pps-wringinpitu-3','$2y$12$16qYZswZhHUeD/uTDJq0yeyAecG2zVv3wDDZo9etGXo9g.H0sOggi','I0I283',NULL,'2026-02-27 01:09:43','2026-02-27 01:09:43',3,595,'App\\Models\\PPSMember'),(711,'PPK Tegalsari 1','ppk-tegalsari-1','$2y$12$vItU.CwCaWdn3Rf/X3R6zuWpVDNK5.4luv6aUx0No7HTs73qgS4U.','JXOH57',NULL,'2026-02-27 01:09:43','2026-02-27 01:09:43',2,116,'App\\Models\\PPKMember'),(712,'PPK Tegalsari 2','ppk-tegalsari-2','$2y$12$gwQjP0ZVlosYp3PdPpJwiuqa1V2P6xeqQoRm/GRek4vpE3..suw3S','ZEPT32',NULL,'2026-02-27 01:09:44','2026-02-27 01:09:44',2,117,'App\\Models\\PPKMember'),(713,'PPK Tegalsari 3','ppk-tegalsari-3','$2y$12$dC5JxVdFO77SCagqFcBP/O3TPXC2XK1SrgH5wUESFvMsxVj0xWwZi','7RTB18',NULL,'2026-02-27 01:09:44','2026-02-27 01:09:44',2,118,'App\\Models\\PPKMember'),(714,'PPK Tegalsari 4','ppk-tegalsari-4','$2y$12$Tf6oFvMBzeb0enbvGEm/R.m.pJ.VzA9WxCRbl.9S7fpjKQWrPPa1y','MGEM88',NULL,'2026-02-27 01:09:44','2026-02-27 01:09:44',2,119,'App\\Models\\PPKMember'),(715,'PPK Tegalsari 5','ppk-tegalsari-5','$2y$12$hiGhpXR0Ij.NQn7zyVgxeeNte26PU4GUbOVHo7jUULO6T6N0oFY4.','HXML85',NULL,'2026-02-27 01:09:45','2026-02-27 01:09:45',2,120,'App\\Models\\PPKMember'),(716,'PPS Dasri 1','pps-dasri-1','$2y$12$h4QKpnR.KqjUMp1z1q1iPuchE2omg5zTrVkIt3LkWToV.c104ISLe','N4ND50',NULL,'2026-02-27 01:09:45','2026-02-27 01:09:45',3,596,'App\\Models\\PPSMember'),(717,'PPS Dasri 2','pps-dasri-2','$2y$12$ZEAiNvE0VQ8BVcm.qIH7.eZYuWM25vZJxqB21sJjbaVFBMhthWG5C','PAAP97',NULL,'2026-02-27 01:09:45','2026-02-27 01:09:45',3,597,'App\\Models\\PPSMember'),(718,'PPS Dasri 3','pps-dasri-3','$2y$12$Rqzdk7kxPaDqRXmbaJ/Nfu2UiRRdgvkihqb6IKIbI6Wrw6GRjzneO','3CU483',NULL,'2026-02-27 01:09:46','2026-02-27 01:09:46',3,598,'App\\Models\\PPSMember'),(719,'PPS Karangdoro 1','pps-karangdoro-1','$2y$12$XCKyULy9derJwH1fSg73FepfckhE64lxMXGs4InzwFIj0wl0B7ZJ.','K6PY19',NULL,'2026-02-27 01:09:46','2026-02-27 01:09:46',3,599,'App\\Models\\PPSMember'),(720,'PPS Karangdoro 2','pps-karangdoro-2','$2y$12$ZRmiZ6dOmr6nvi09M1mRF.VwNFj2DfWZF94JvJYvcEzcWYMO8Onlq','J7SG74',NULL,'2026-02-27 01:09:46','2026-02-27 01:09:46',3,600,'App\\Models\\PPSMember'),(721,'PPS Karangdoro 3','pps-karangdoro-3','$2y$12$METzEW306.opbKkXUi6fEuXlZQQ7/yO4aJZ3K16VY1O1tJlK5Y01K','8SOL91',NULL,'2026-02-27 01:09:47','2026-02-27 01:09:47',3,601,'App\\Models\\PPSMember'),(722,'PPS Karangmulyo 1','pps-karangmulyo-1','$2y$12$0EtBANLuB6PhdZWfVGus0.z1s9TWulc62jpTru0NE9KulTQjrV5cC','ZNIM92',NULL,'2026-02-27 01:09:47','2026-02-27 01:09:47',3,602,'App\\Models\\PPSMember'),(723,'PPS Karangmulyo 2','pps-karangmulyo-2','$2y$12$MdaEbxbZ00QItkAZpbRGeuqKZehnB2RpwHlSwPj2r7L8bob5KUbR6','CVV154',NULL,'2026-02-27 01:09:47','2026-02-27 01:09:47',3,603,'App\\Models\\PPSMember'),(724,'PPS Karangmulyo 3','pps-karangmulyo-3','$2y$12$WGwYp2FcsmTqNa/hNHxg9.JEDQYJLwfF1Jf7sSoWUNAfsr1PgIJ0W','W7QH19',NULL,'2026-02-27 01:09:47','2026-02-27 01:09:47',3,604,'App\\Models\\PPSMember'),(726,'PPS Tegalrejo 1','pps-tegalrejo-1','$2y$12$LtLFbXB0nsQDfRLXtHVut.OMKpPU0z8TAcolH/CSVEPececb1107i','9B0B89',NULL,'2026-02-27 01:09:48','2026-02-27 01:09:48',3,606,'App\\Models\\PPSMember'),(727,'PPS Tegalrejo 2','pps-tegalrejo-2','$2y$12$hit//WPN8dP2O0Pov6XsDeYeqb8y2UaVNIc1KtWUCw5gWMdJKBHhu','AHP029',NULL,'2026-02-27 01:09:48','2026-02-27 01:09:48',3,607,'App\\Models\\PPSMember'),(728,'PPS Tegalrejo 3','pps-tegalrejo-3','$2y$12$Kkcs8e4RTx3ZnFvrdEAvkuZMydoXtJo4EzGaCPsjmBemb09cXO7ry','EDRZ76',NULL,'2026-02-27 01:09:49','2026-02-27 01:09:49',3,608,'App\\Models\\PPSMember'),(729,'PPS Tegalsari 1','pps-tegalsari-1','$2y$12$sVyLMuKNRuK105MSRu5DTOvPDHoB/qIh3fscl3OgSDJ/5SeBKWsCS','5BMG73',NULL,'2026-02-27 01:09:49','2026-02-27 01:09:49',3,609,'App\\Models\\PPSMember'),(730,'PPS Tegalsari 2','pps-tegalsari-2','$2y$12$WWjr3HOQF0qE6bt2z9xUeu.6./dulVq5Wz0Gj7scLZ2SIWqBnc316','8KY032',NULL,'2026-02-27 01:09:49','2026-02-27 01:09:49',3,610,'App\\Models\\PPSMember'),(731,'PPS Tegalsari 3','pps-tegalsari-3','$2y$12$6APCcnB6zOjE7UMka2JQvO.TXVXcmNkpYAZU0OKpO232CRvOtqJoC','MHQP49',NULL,'2026-02-27 01:09:50','2026-02-27 01:09:50',3,611,'App\\Models\\PPSMember'),(732,'PPK Wongsorejo 1','ppk-wongsorejo-1','$2y$12$giMABSBT7p89OQ.3TwCVmuCXu30XIZuO8rLWYe18fa41upce5BzAa','KQUJ81',NULL,'2026-02-27 01:09:50','2026-02-27 01:09:50',2,121,'App\\Models\\PPKMember'),(733,'PPK Wongsorejo 2','ppk-wongsorejo-2','$2y$12$dM94MKnfgnxbFjkNONiTZeG1qqXyboZXYgcHggNkvUWSr5NqqzXhO','AO8V31',NULL,'2026-02-27 01:09:50','2026-02-27 01:09:50',2,122,'App\\Models\\PPKMember'),(734,'PPK Wongsorejo 3','ppk-wongsorejo-3','$2y$12$qcXo21ljb/npEiTh6h64S./9qiQMsQbeX3Dk2NnVUDal8rSb0mDDS','MHYB22',NULL,'2026-02-27 01:09:51','2026-02-27 01:09:51',2,123,'App\\Models\\PPKMember'),(735,'PPK Wongsorejo 4','ppk-wongsorejo-4','$2y$12$2RGp5oCo5Uwo/5zA3KdTuur21cxrRvDoIh/JtK869ZSDLAGsUrl76','5YWZ85',NULL,'2026-02-27 01:09:51','2026-02-27 01:09:51',2,124,'App\\Models\\PPKMember'),(736,'PPK Wongsorejo 5','ppk-wongsorejo-5','$2y$12$ol7KaKnNlXytybSEN0t.nunZBfEumDi.rZBDb3ntzppz9GF.Tboqy','IMAR78',NULL,'2026-02-27 01:09:51','2026-02-27 01:09:51',2,125,'App\\Models\\PPKMember'),(737,'PPS Alasbuluh 1','pps-alasbuluh-1','$2y$12$1IKlCRg.0ovUuRap03PxG.KqWrkNArnuYR8vrClPWZfGDlz/Y7rAy','DDFG89',NULL,'2026-02-27 01:09:51','2026-02-27 01:09:51',3,612,'App\\Models\\PPSMember'),(738,'PPS Alasbuluh 2','pps-alasbuluh-2','$2y$12$3.cdLS1V/fWIrgvdat7n.eyQjYNGtIBSTwJOr3TRmemC6v/5nUUUC','7TCC41',NULL,'2026-02-27 01:09:52','2026-02-27 01:09:52',3,613,'App\\Models\\PPSMember'),(739,'PPS Alasbuluh 3','pps-alasbuluh-3','$2y$12$NsqiZMnOLjT35yRu0VorseZrUP6/IuqtjomhnzG4/FYFxf7FI/82a','FGSW65',NULL,'2026-02-27 01:09:52','2026-02-27 01:09:52',3,614,'App\\Models\\PPSMember'),(740,'PPS Alasrejo 1','pps-alasrejo-1','$2y$12$oJZTQ9lf.nrOCugjDL48Z.1LsvNES1qRaHabfcblkpiM38qSCTJCK','HKBJ90',NULL,'2026-02-27 01:09:52','2026-02-27 01:09:52',3,615,'App\\Models\\PPSMember'),(741,'PPS Alasrejo 2','pps-alasrejo-2','$2y$12$8Ab33/Pm/clz3g8HOOtf2urO24JB3.Hx0njKwvBJWcEHOYV0Xoi3.','JCQD20',NULL,'2026-02-27 01:09:53','2026-02-27 01:09:53',3,616,'App\\Models\\PPSMember'),(742,'PPS Alasrejo 3','pps-alasrejo-3','$2y$12$Vb8jy0WPh771NVv1U/EGSu5cNip9xS0lCiBprcJYIHyPacd42A4Fq','1BJ796',NULL,'2026-02-27 01:09:53','2026-02-27 01:09:53',3,617,'App\\Models\\PPSMember'),(743,'PPS Bajulmati 1','pps-bajulmati-1','$2y$12$wyFZxQlDkSn.unGZ/2F8p.CdSuZOOkYQrVkjRqqmxZbBJysEzTL5a','MFUJ35',NULL,'2026-02-27 01:09:53','2026-02-27 01:09:53',3,618,'App\\Models\\PPSMember'),(744,'PPS Bajulmati 2','pps-bajulmati-2','$2y$12$LkOq/Rgp4rQc/qUBoNwZ2O0yG9Shs9xtjvA71AdFx3w8RZLb9YA6i','2NGD88',NULL,'2026-02-27 01:09:54','2026-02-27 01:09:54',3,619,'App\\Models\\PPSMember'),(745,'PPS Bajulmati 3','pps-bajulmati-3','$2y$12$kF8LCUTHTN9rGYphrXr0Eu0736cOPWQRon91OIpCQ2FKfVocZ0tlS','OQLQ65',NULL,'2026-02-27 01:09:54','2026-02-27 01:09:54',3,620,'App\\Models\\PPSMember'),(746,'PPS Bangsring 1','pps-bangsring-1','$2y$12$HN/SnNyV72OhKDNtuWHf5uhFnK4iFwMcA24QqHkXSeQT24QaXzEgu','BOXP50',NULL,'2026-02-27 01:09:54','2026-02-27 01:09:54',3,621,'App\\Models\\PPSMember'),(747,'PPS Bangsring 2','pps-bangsring-2','$2y$12$buQSyt6DffYLiMZgtSaJ4ebqBhHJKqXp5E25E9F4ZQLn3SVkK3TpK','RJD514',NULL,'2026-02-27 01:09:55','2026-02-27 01:09:55',3,622,'App\\Models\\PPSMember'),(748,'PPS Bangsring 3','pps-bangsring-3','$2y$12$frrDgttEDVu4FhJ0wlbaGeD/u1/ZUzv2U0z6KOYqodkKDme/8YXHy','S7OZ35',NULL,'2026-02-27 01:09:55','2026-02-27 01:09:55',3,623,'App\\Models\\PPSMember'),(749,'PPS Bengkak 1','pps-bengkak-1','$2y$12$mM5gZ.M1wV8S.0ji4jX6H.Y3aohKH6w7x1GWZNtsva/Qj.fmkdfOe','CYOR17',NULL,'2026-02-27 01:09:55','2026-02-27 01:09:55',3,624,'App\\Models\\PPSMember'),(750,'PPS Bengkak 2','pps-bengkak-2','$2y$12$k.A0026sNUTEygdsVSK21OLMvFxt5j3Uwipaa4NoANGGeFaFSCnyS','COOM27',NULL,'2026-02-27 01:09:56','2026-02-27 01:09:56',3,625,'App\\Models\\PPSMember'),(751,'PPS Bengkak 3','pps-bengkak-3','$2y$12$HmFTjI15qfPmjhtnjPqH8.z5JVmothczJBmoh731mdUFOrAs2W7ni','EE9J56',NULL,'2026-02-27 01:09:56','2026-02-27 01:09:56',3,626,'App\\Models\\PPSMember'),(752,'PPS Bimorejo 1','pps-bimorejo-1','$2y$12$2fDvrvlALbE022sOr1M4pOAfb8ljZIcnQf3qfQ6xKbmlHVH4iR5mS','ABA874',NULL,'2026-02-27 01:09:56','2026-02-27 01:09:56',3,627,'App\\Models\\PPSMember'),(753,'PPS Bimorejo 2','pps-bimorejo-2','$2y$12$95GaHfnAgZrr/ktpRC8Hke3.Nfo72z4ZEHq.pP9gAnVdaarq88Sa6','PPVQ29',NULL,'2026-02-27 01:09:57','2026-02-27 01:09:57',3,628,'App\\Models\\PPSMember'),(754,'PPS Bimorejo 3','pps-bimorejo-3','$2y$12$S7pBZtE8KCrxUxnGF4Doy.KmJBXMoKWW4daFzG3VT62OKtgqKkiPW','AWRN95',NULL,'2026-02-27 01:09:57','2026-02-27 01:09:57',3,629,'App\\Models\\PPSMember'),(755,'PPS Sidodadi 1','pps-sidodadi-1','$2y$12$fKb0r37yCSV4w/X.S0RjQ.X1IeBBi/FZnZd4W6DGEpLH/HdiM2.oC','M6BQ86',NULL,'2026-02-27 01:09:57','2026-02-27 01:09:57',3,630,'App\\Models\\PPSMember'),(756,'PPS Sidodadi 2','pps-sidodadi-2','$2y$12$CCFUrvSpEFJDHXJMRx.HzekDPDzYB.KxY5QVJXi4zMpCRlAIJs7Ku','CG2Z35',NULL,'2026-02-27 01:09:57','2026-02-27 01:09:57',3,631,'App\\Models\\PPSMember'),(757,'PPS Sidodadi 3','pps-sidodadi-3','$2y$12$AiSYHd69m9maWgsfv1.F/uk7hPvOg67NR2Dju2chJGi6Haf/PXgj2','YOSE92',NULL,'2026-02-27 01:09:58','2026-02-27 01:09:58',3,632,'App\\Models\\PPSMember'),(758,'PPS Sidowangi 1','pps-sidowangi-1','$2y$12$NEybJWHBa9ZTBAGLyNCBJuznpABYLtDRDPiCH1a4S6TGWTWtESJKa','RO2S45',NULL,'2026-02-27 01:09:58','2026-02-27 01:09:58',3,633,'App\\Models\\PPSMember'),(759,'PPS Sidowangi 2','pps-sidowangi-2','$2y$12$UsoqYy7q86.sB9.6OoHhu.1KFRa6z9adhByXqaDNGbhvvYlzEHpKm','4UYN16',NULL,'2026-02-27 01:09:58','2026-02-27 01:09:58',3,634,'App\\Models\\PPSMember'),(760,'PPS Sidowangi 3','pps-sidowangi-3','$2y$12$SS27L8Ox.rzdjRiJj4qP3OuENAKysDIO04STx0hoeSNT.VNDheCT.','DBKR67',NULL,'2026-02-27 01:09:59','2026-02-27 01:09:59',3,635,'App\\Models\\PPSMember'),(761,'PPS Sumberanyar 1','pps-sumberanyar-1','$2y$12$h71ZzpzPatCwHuMHZyekgOJSPZsMD91q9ON0ymZUIp0K4dNP4Bgu6','WUQZ66',NULL,'2026-02-27 01:09:59','2026-02-27 01:09:59',3,636,'App\\Models\\PPSMember'),(762,'PPS Sumberanyar 2','pps-sumberanyar-2','$2y$12$cNzuOTENpdZJkU8SSLpAUOwEfsfNzS.OC06RsgSl4T5.2jJJL6mLS','H05N28',NULL,'2026-02-27 01:09:59','2026-02-27 01:09:59',3,637,'App\\Models\\PPSMember'),(763,'PPS Sumberanyar 3','pps-sumberanyar-3','$2y$12$3o10EEsPaJ.3XE76szfHzuU.JU5REG2zB1N5SOiZTsR/uEIrUCoui','7DIK13',NULL,'2026-02-27 01:10:00','2026-02-27 01:10:00',3,638,'App\\Models\\PPSMember'),(764,'PPS Sumberkencono 1','pps-sumberkencono-1','$2y$12$FeCH4e0I/ZazF1XU4D9DiuM99Lg0tAet2NCReJ71dW763YFbkBZw.','MTYN28',NULL,'2026-02-27 01:10:00','2026-02-27 01:10:00',3,639,'App\\Models\\PPSMember'),(765,'PPS Sumberkencono 2','pps-sumberkencono-2','$2y$12$YHQyYAC7xTBRIxmjkBwCu.Kh5pMudl2yQJw8ZfEr6QZxGoDfOuOSm','5BBA85',NULL,'2026-02-27 01:10:00','2026-02-27 01:10:00',3,640,'App\\Models\\PPSMember'),(766,'PPS Sumberkencono 3','pps-sumberkencono-3','$2y$12$E8bIGG5rbE2GJaq24Ygz..9ub1Y6hirhsvRhyqkLv6GPO0S/W919K','XZJY45',NULL,'2026-02-27 01:10:01','2026-02-27 01:10:01',3,641,'App\\Models\\PPSMember'),(768,'PPS Wongsorejo 1','pps-wongsorejo-1','$2y$12$862jt18ftNWgK05a7mM0x.fqh/bFn2RWZDdbypWuSG4ZT7aKln4bS','LMSO71',NULL,'2026-02-27 01:10:01','2026-02-27 01:10:01',3,643,'App\\Models\\PPSMember'),(769,'PPS Wongsorejo 2','pps-wongsorejo-2','$2y$12$pi0dcBBxyP0Cetn4Q5R9IOP31FRU8fm7I3NC.T7noRb/WKuMktnZW','FKC337',NULL,'2026-02-27 01:10:02','2026-02-27 01:10:02',3,644,'App\\Models\\PPSMember'),(770,'PPS Wongsorejo 3','pps-wongsorejo-3','$2y$12$aAyArj/L5Tvr8IAfTNAIBuxPEK7I3V2MYiAOYV5.r9Yo3ca4Rf4vm','TME959',NULL,'2026-02-27 01:10:02','2026-02-27 01:10:02',3,645,'App\\Models\\PPSMember'),(771,'Super Admin','superadmin','$2y$12$vdXwH/1oTEevZn9ehIEoqO21tcF3iiK.PzcMU2ixvt3Mc60KlBAV6',NULL,NULL,'2026-02-27 01:10:02','2026-02-27 05:49:19',1,NULL,NULL);
/*!40000 ALTER TABLE `users` ENABLE KEYS */;
UNLOCK TABLES;
/*!40103 SET TIME_ZONE=@OLD_TIME_ZONE */;

/*!40101 SET SQL_MODE=@OLD_SQL_MODE */;
/*!40014 SET FOREIGN_KEY_CHECKS=@OLD_FOREIGN_KEY_CHECKS */;
/*!40014 SET UNIQUE_CHECKS=@OLD_UNIQUE_CHECKS */;
/*!40101 SET CHARACTER_SET_CLIENT=@OLD_CHARACTER_SET_CLIENT */;
/*!40101 SET CHARACTER_SET_RESULTS=@OLD_CHARACTER_SET_RESULTS */;
/*!40101 SET COLLATION_CONNECTION=@OLD_COLLATION_CONNECTION */;
/*!40111 SET SQL_NOTES=@OLD_SQL_NOTES */;

-- Dump completed on 2026-07-07 12:35:18
